Provider_ID,Members,BP_Control_Rate,A1c_Control_Rate,LDL_Control_Rate,BCS_Closure,COL_Closure,KED_Closure,SPC_Closure,CBP_Closure,ER_Visits_per_1000,Admit_Rate_per_1000,Readmission_Rate,Avg_PMPM,Avg_HCC_Count,AWV_Rate,Recapture_Rate,Depression_Screening_Rate,FUH_Rate,Avg_SDOH_Burden,Chronic_Score,Preventive_Score,Care_Coordination_Score,Behavioral_Score,Equity_Adjusted,Composite_VBC_Score,Provider_Tier,Estimated_Incentive
P0001,58,0.46551724137931033,0.6724137931034483,0.22413793103448276,0.3275862068965517,0.2413793103448276,0.20689655172413793,0.6724137931034483,0.46551724137931033,327.5862068965517,206.89655172413794,0.034482758620689655,811.1546551724139,1.9827586206896552,0.5,0.7241379310344828,0.4827586206896552,0.06896551724137931,0.47126436781609193,0.4540229885057472,0.28448275862068967,0.13793103448275862,0.4827586206896552,0.32212643678160924,0.3315086206896552,Bronze,230.73
P0002,58,0.3448275862068966,0.6724137931034483,0.3103448275862069,0.3275862068965517,0.3275862068965517,0.39655172413793105,0.7068965517241379,0.3448275862068966,189.65517241379308,120.6896551724138,0.017241379310344827,831.5456896551724,2.3448275862068964,0.5,0.7758620689655172,0.3448275862068966,0.05172413793103448,0.47126436781609193,0.44252873563218387,0.3275862068965517,0.22413793103448276,0.3448275862068966,0.3379310344827586,0.3446551724137931,Bronze,239.88
P0003,72,0.3888888888888889,0.625,0.3055555555555556,0.3472222222222222,0.3611111111111111,0.3472222222222222,0.75,0.4027777777777778,319.4444444444444,69.44444444444444,0.013888888888888888,807.2204166666667,2.5555555555555554,0.5277777777777778,0.6805555555555556,0.4444444444444444,0.041666666666666664,0.449074074074074,0.4398148148148148,0.35416666666666663,0.19444444444444445,0.4444444444444444,0.3520833333333333,0.35663194444444446,Bronze,308.13
P0004,50,0.42,0.7,0.28,0.34,0.3,0.24,0.64,0.42,300.0,120.0,0.02,793.9842,3.0,0.54,0.6,0.44,0.06,0.48,0.4666666666666666,0.32,0.15,0.44,0.3453333333333333,0.3458,Bronze,207.48
P0005,67,0.4626865671641791,0.6417910447761194,0.29850746268656714,0.417910447761194,0.22388059701492538,0.23880597014925373,0.7164179104477612,0.4626865671641791,208.955223880597,119.40298507462687,0.0,801.9919402985074,2.537313432835821,0.5223880597014925,0.7611940298507462,0.6119402985074627,0.07462686567164178,0.5223880597014925,0.4676616915422886,0.3208955223880597,0.15671641791044777,0.6119402985074627,0.3420398009950249,0.36436567164179107,Bronze,292.95
P0006,57,0.5087719298245614,0.631578947368421,0.2631578947368421,0.2982456140350877,0.3508771929824561,0.2807017543859649,0.6666666666666666,0.5087719298245614,228.07017543859646,105.26315789473684,0.0,822.2447368421052,2.3508771929824563,0.49122807017543857,0.6491228070175439,0.5087719298245614,0.07017543859649122,0.5555555555555555,0.4678362573099415,0.32456140350877194,0.17543859649122806,0.5087719298245614,0.3406432748538012,0.35855263157894735,Bronze,245.25
P0007,59,0.4576271186440678,0.6949152542372882,0.13559322033898305,0.288135593220339,0.5254237288135594,0.23728813559322035,0.559322033898305,0.4745762711864407,355.9322033898305,118.64406779661017,0.01694915254237288,808.9716949152543,2.440677966101695,0.4915254237288136,0.7627118644067796,0.4915254237288136,0.03389830508474576,0.4576271186440678,0.42937853107344637,0.4067796610169492,0.13559322033898305,0.4915254237288136,0.372316384180791,0.36262711864406777,Bronze,256.74
P0008,58,0.43103448275862066,0.7241379310344828,0.2413793103448276,0.29310344827586204,0.27586206896551724,0.25862068965517243,0.7068965517241379,0.4482758620689655,275.8620689655172,120.6896551724138,0.034482758620689655,808.8744827586207,2.8620689655172415,0.46551724137931033,0.7931034482758621,0.41379310344827586,0.05172413793103448,0.528735632183908,0.46551724137931033,0.2844827586206896,0.15517241379310345,0.41379310344827586,0.3221264367816092,0.33150862068965514,Bronze,230.73
P0009,62,0.46774193548387094,0.6290322580645161,0.20967741935483872,0.3387096774193548,0.3225806451612903,0.27419354838709675,0.7258064516129032,0.46774193548387094,419.35483870967744,48.387096774193544,0.03225806451612903,804.8327419354838,2.5806451612903225,0.45161290322580644,0.6129032258064516,0.5645161290322581,0.016129032258064516,0.4462365591397849,0.43548387096774194,0.33064516129032256,0.14516129032258063,0.5645161290322581,0.33844086021505376,0.3495564516129033,Bronze,260.07
P0010,68,0.39705882352941174,0.7794117647058824,0.3235294117647059,0.27941176470588236,0.38235294117647056,0.3088235294117647,0.6911764705882353,0.39705882352941174,279.4117647058824,176.47058823529412,0.014705882352941176,827.5870588235293,2.588235294117647,0.5147058823529411,0.6323529411764706,0.4117647058823529,0.07352941176470588,0.5392156862745098,0.5,0.33088235294117646,0.1911764705882353,0.4117647058823529,0.3615196078431372,0.3663602941176471,Bronze,298.95
P0011,64,0.515625,0.671875,0.296875,0.40625,0.25,0.34375,0.71875,0.515625,343.75,187.5,0.03125,820.82078125,2.609375,0.421875,0.765625,0.484375,0.078125,0.46354166666666663,0.4947916666666667,0.328125,0.2109375,0.484375,0.3651041666666667,0.375859375,Bronze,288.66
P0012,55,0.5636363636363636,0.7454545454545455,0.18181818181818182,0.2727272727272727,0.43636363636363634,0.2727272727272727,0.7272727272727273,0.5636363636363636,236.36363636363635,163.63636363636363,0.0,826.4696363636364,2.3454545454545452,0.5272727272727272,0.7090909090909091,0.38181818181818183,0.09090909090909091,0.5515151515151515,0.496969696969697,0.3545454545454545,0.18181818181818182,0.38181818181818183,0.3706060606060606,0.3678636363636364,Bronze,242.79
P0013,66,0.4090909090909091,0.7121212121212122,0.3484848484848485,0.2727272727272727,0.3333333333333333,0.3787878787878788,0.7878787878787878,0.4090909090909091,287.8787878787879,121.21212121212122,0.015151515151515152,809.7301515151515,2.5606060606060606,0.5,0.6818181818181818,0.6212121212121212,0.06060606060606061,0.5707070707070707,0.4898989898989899,0.303030303030303,0.2196969696969697,0.6212121212121212,0.33939393939393936,0.3796969696969697,Bronze,300.72
P0014,47,0.5319148936170213,0.6595744680851063,0.3191489361702128,0.425531914893617,0.48936170212765956,0.3191489361702128,0.6382978723404256,0.5319148936170213,468.0851063829787,148.93617021276594,0.0,827.173829787234,2.9361702127659575,0.46808510638297873,0.6170212765957447,0.6170212765957447,0.0425531914893617,0.5319148936170213,0.5035460992907801,0.4574468085106383,0.18085106382978725,0.6170212765957447,0.427304964539007,0.4273936170212766,Bronze,241.05
P0015,46,0.43478260869565216,0.6739130434782609,0.2608695652173913,0.3695652173913043,0.2608695652173913,0.32608695652173914,0.6304347826086957,0.43478260869565216,260.8695652173913,108.69565217391305,0.021739130434782608,812.6841304347827,2.260869565217391,0.5,0.782608695652174,0.34782608695652173,0.06521739130434782,0.45652173913043476,0.4565217391304348,0.3152173913043478,0.1956521739130435,0.34782608695652173,0.3402173913043478,0.34070652173913046,Bronze,188.07
P0016,45,0.5333333333333333,0.7111111111111111,0.28888888888888886,0.28888888888888886,0.37777777777777777,0.26666666666666666,0.6444444444444445,0.5333333333333333,288.88888888888886,133.33333333333334,0.022222222222222223,824.3559999999999,1.9333333333333333,0.4444444444444444,0.7555555555555555,0.4888888888888889,0.044444444444444446,0.41481481481481475,0.5111111111111111,0.3333333333333333,0.15555555555555556,0.4888888888888889,0.3807407407407407,0.3737777777777777,Bronze,201.84
P0017,65,0.6461538461538462,0.6923076923076923,0.24615384615384617,0.2923076923076923,0.2923076923076923,0.2923076923076923,0.676923076923077,0.6461538461538462,230.76923076923077,184.6153846153846,0.046153846153846156,815.3190769230769,2.5384615384615383,0.5538461538461539,0.7076923076923077,0.5076923076923077,0.15384615384615385,0.5435897435897435,0.5282051282051282,0.2923076923076923,0.2230769230769231,0.5076923076923077,0.3558974358974359,0.3803076923076923,Bronze,296.64
P0018,80,0.4875,0.75,0.2625,0.4625,0.375,0.3625,0.75,0.4875,312.5,75.0,0.025,813.757125,2.325,0.3875,0.7375,0.525,0.025,0.5291666666666666,0.5,0.41875,0.19375,0.525,0.4064583333333333,0.40690625,Bronze,390.63
P0019,75,0.41333333333333333,0.6933333333333334,0.21333333333333335,0.49333333333333335,0.32,0.32,0.6266666666666667,0.41333333333333333,386.6666666666667,133.33333333333334,0.02666666666666667,800.192,2.3866666666666667,0.5333333333333333,0.7333333333333333,0.56,0.08,0.48,0.44,0.4066666666666667,0.2,0.56,0.37533333333333335,0.38596666666666674,Bronze,347.37
P0020,56,0.4642857142857143,0.6607142857142857,0.42857142857142855,0.30357142857142855,0.30357142857142855,0.30357142857142855,0.7321428571428571,0.4642857142857143,178.57142857142858,107.14285714285714,0.017857142857142856,813.7946428571429,2.482142857142857,0.4642857142857143,0.6607142857142857,0.5,0.05357142857142857,0.5476190476190476,0.5178571428571429,0.30357142857142855,0.17857142857142855,0.5,0.3559523809523809,0.37035714285714283,Bronze,248.88
P0021,48,0.4583333333333333,0.6666666666666666,0.3125,0.2708333333333333,0.2916666666666667,0.2708333333333333,0.6041666666666666,0.4583333333333333,312.5,187.5,0.0,806.5858333333334,2.5833333333333335,0.5833333333333334,0.6666666666666666,0.5416666666666666,0.020833333333333332,0.5277777777777778,0.4791666666666667,0.28125,0.14583333333333331,0.5416666666666666,0.32743055555555556,0.34651041666666665,Bronze,199.59
P0022,59,0.3220338983050847,0.6271186440677966,0.22033898305084745,0.4067796610169492,0.3728813559322034,0.3559322033898305,0.6101694915254238,0.3220338983050847,220.33898305084745,135.59322033898306,0.01694915254237288,816.9520338983051,2.288135593220339,0.5084745762711864,0.7288135593220338,0.4745762711864407,0.03389830508474576,0.5367231638418078,0.3898305084745763,0.3898305084745763,0.19491525423728814,0.4745762711864407,0.3361581920903955,0.35127118644067795,Bronze,248.7
P0023,49,0.5102040816326531,0.6938775510204082,0.22448979591836735,0.3877551020408163,0.24489795918367346,0.2653061224489796,0.6122448979591837,0.5102040816326531,244.89795918367346,244.89795918367346,0.0,830.0822448979592,2.2448979591836733,0.5714285714285714,0.6122448979591837,0.5102040816326531,0.12244897959183673,0.5374149659863945,0.4761904761904762,0.3163265306122449,0.19387755102040816,0.5102040816326531,0.3425170068027211,0.36311224489795924,Bronze,213.51
P0024,65,0.4461538461538462,0.6923076923076923,0.2,0.24615384615384617,0.3076923076923077,0.35384615384615387,0.7692307692307693,0.4461538461538462,276.92307692307696,123.07692307692308,0.0,818.0630769230769,2.5076923076923077,0.26153846153846155,0.6461538461538462,0.6153846153846154,0.015384615384615385,0.4717948717948718,0.4461538461538461,0.27692307692307694,0.18461538461538463,0.6153846153846154,0.31435897435897436,0.3486923076923077,Bronze,271.98
P0025,49,0.4897959183673469,0.6530612244897959,0.2857142857142857,0.2857142857142857,0.3673469387755102,0.3877551020408163,0.5510204081632653,0.4897959183673469,326.53061224489795,102.04081632653062,0.0,822.8704081632653,2.306122448979592,0.5306122448979592,0.7551020408163265,0.5714285714285714,0.08163265306122448,0.5510204081632653,0.4761904761904761,0.326530612244898,0.2346938775510204,0.5714285714285714,0.34625850340136055,0.38051020408163266,Bronze,223.74
P0026,49,0.4897959183673469,0.5714285714285714,0.3469387755102041,0.30612244897959184,0.30612244897959184,0.24489795918367346,0.673469387755102,0.4897959183673469,265.30612244897964,102.04081632653062,0.02040816326530612,808.4865306122448,2.6122448979591835,0.40816326530612246,0.7959183673469388,0.46938775510204084,0.061224489795918366,0.47619047619047616,0.4693877551020407,0.30612244897959184,0.15306122448979592,0.46938775510204084,0.3401360544217687,0.34591836734693876,Bronze,203.4
P0027,61,0.4262295081967213,0.7213114754098361,0.21311475409836064,0.36065573770491804,0.2786885245901639,0.2786885245901639,0.5737704918032787,0.4262295081967213,311.4754098360656,114.75409836065575,0.03278688524590164,817.4272131147541,2.622950819672131,0.4918032786885246,0.6065573770491803,0.47540983606557374,0.08196721311475409,0.546448087431694,0.453551912568306,0.319672131147541,0.180327868852459,0.47540983606557374,0.33196721311475413,0.34938524590163933,Bronze,255.75
P0028,63,0.6031746031746031,0.6666666666666666,0.25396825396825395,0.2857142857142857,0.3333333333333333,0.2857142857142857,0.7142857142857143,0.6031746031746031,301.58730158730157,47.61904761904761,0.015873015873015872,824.2725396825397,2.8095238095238093,0.47619047619047616,0.7301587301587301,0.5714285714285714,0.015873015873015872,0.49206349206349204,0.5079365079365079,0.30952380952380953,0.15079365079365079,0.5714285714285714,0.3595238095238095,0.3709920634920635,Bronze,280.47
P0029,48,0.4375,0.6041666666666666,0.25,0.3125,0.3541666666666667,0.3333333333333333,0.7291666666666666,0.4375,208.33333333333334,104.16666666666667,0.0,846.8722916666667,2.4583333333333335,0.5208333333333334,0.75,0.4583333333333333,0.0625,0.5,0.4305555555555555,0.33333333333333337,0.19791666666666666,0.4583333333333333,0.33194444444444443,0.34770833333333334,Bronze,200.28
P0030,52,0.4807692307692308,0.5192307692307693,0.40384615384615385,0.36538461538461536,0.38461538461538464,0.3076923076923077,0.7692307692307693,0.5,288.46153846153845,38.46153846153847,0.0,820.7080769230769,2.423076923076923,0.4807692307692308,0.6538461538461539,0.38461538461538464,0.038461538461538464,0.46794871794871795,0.4679487179487179,0.375,0.17307692307692307,0.38461538461538464,0.3746794871794871,0.36341346153846155,Bronze,226.77
P0031,60,0.5333333333333333,0.65,0.21666666666666667,0.35,0.31666666666666665,0.2833333333333333,0.55,0.5333333333333333,333.3333333333333,133.33333333333334,0.05,852.138,2.45,0.55,0.6333333333333333,0.48333333333333334,0.03333333333333333,0.5277777777777778,0.4666666666666666,0.3333333333333333,0.15833333333333333,0.48333333333333334,0.3472222222222222,0.35541666666666666,Bronze,255.9
P0032,63,0.5555555555555556,0.6031746031746031,0.19047619047619047,0.3492063492063492,0.38095238095238093,0.4126984126984127,0.746031746031746,0.5555555555555556,333.3333333333333,142.85714285714286,0.031746031746031744,810.2788888888889,2.7142857142857144,0.42857142857142855,0.6507936507936508,0.38095238095238093,0.07936507936507936,0.49206349206349204,0.4497354497354497,0.36507936507936506,0.24603174603174602,0.38095238095238093,0.3582010582010582,0.3672222222222222,Bronze,277.62
P0033,56,0.48214285714285715,0.7142857142857143,0.25,0.2857142857142857,0.25,0.3392857142857143,0.5892857142857143,0.48214285714285715,339.2857142857143,71.42857142857143,0.017857142857142856,813.0139285714286,2.6964285714285716,0.6071428571428571,0.6964285714285714,0.5535714285714286,0.05357142857142857,0.5059523809523809,0.48214285714285715,0.26785714285714285,0.19642857142857142,0.5535714285714286,0.3244047619047619,0.3549107142857143,Bronze,238.5
P0034,72,0.5833333333333334,0.8055555555555556,0.3055555555555556,0.375,0.2777777777777778,0.3611111111111111,0.7083333333333334,0.5833333333333334,347.22222222222223,55.55555555555555,0.0,823.7059722222223,2.8333333333333335,0.5138888888888888,0.7361111111111112,0.5416666666666666,0.041666666666666664,0.537037037037037,0.5648148148148148,0.3263888888888889,0.2013888888888889,0.5416666666666666,0.39189814814814816,0.40427083333333336,Bronze,349.29
P0035,45,0.5555555555555556,0.6666666666666666,0.26666666666666666,0.2,0.26666666666666666,0.37777777777777777,0.8,0.5555555555555556,333.3333333333333,200.0,0.022222222222222223,832.4904444444444,2.8222222222222224,0.5777777777777777,0.7111111111111111,0.4444444444444444,0.1111111111111111,0.4888888888888889,0.4962962962962963,0.23333333333333334,0.24444444444444444,0.4444444444444444,0.31592592592592594,0.3479444444444444,Bronze,187.89
P0036,62,0.46774193548387094,0.5967741935483871,0.24193548387096775,0.3548387096774194,0.27419354838709675,0.2903225806451613,0.6935483870967742,0.46774193548387094,322.5806451612903,129.03225806451613,0.016129032258064516,829.1187096774194,2.5161290322580645,0.4838709677419355,0.7096774193548387,0.5,0.0967741935483871,0.44086021505376344,0.43548387096774194,0.31451612903225806,0.1935483870967742,0.5,0.3309139784946237,0.34762096774193546,Bronze,258.63
P0037,71,0.5915492957746479,0.5633802816901409,0.352112676056338,0.43661971830985913,0.36619718309859156,0.36619718309859156,0.6338028169014085,0.5915492957746479,267.6056338028169,56.33802816901409,0.0,815.9609859154929,2.267605633802817,0.4507042253521127,0.6901408450704225,0.5211267605633803,0.028169014084507043,0.4272300469483568,0.5023474178403756,0.4014084507042254,0.1971830985915493,0.5211267605633803,0.4091549295774648,0.4039788732394366,Bronze,344.19
P0038,66,0.6212121212121212,0.6363636363636364,0.3181818181818182,0.3333333333333333,0.4090909090909091,0.25757575757575757,0.7272727272727273,0.6212121212121212,303.03030303030306,75.75757575757576,0.0,819.3249999999999,2.6818181818181817,0.48484848484848486,0.7121212121212122,0.5909090909090909,0.030303030303030304,0.48484848484848486,0.5252525252525252,0.3712121212121212,0.14393939393939392,0.5909090909090909,0.39974747474747474,0.39821969696969695,Bronze,315.39
P0039,57,0.43859649122807015,0.7017543859649122,0.3508771929824561,0.22807017543859648,0.3333333333333333,0.3333333333333333,0.7543859649122807,0.43859649122807015,245.6140350877193,105.26315789473684,0.0,783.3654385964912,2.3859649122807016,0.543859649122807,0.7719298245614035,0.45614035087719296,0.07017543859649122,0.49122807017543857,0.49707602339181284,0.2807017543859649,0.20175438596491227,0.45614035087719296,0.339766081871345,0.35622807017543856,Bronze,243.66
P0040,67,0.44776119402985076,0.5970149253731343,0.1791044776119403,0.23880597014925373,0.373134328358209,0.3283582089552239,0.5671641791044776,0.4626865671641791,313.43283582089555,74.62686567164178,0.014925373134328358,799.2786567164179,2.298507462686567,0.4626865671641791,0.7910447761194029,0.47761194029850745,0.029850746268656716,0.5124378109452736,0.4079601990049751,0.30597014925373134,0.1791044776119403,0.47761194029850745,0.3057213930348259,0.328320895522388,Bronze,263.97
P0041,59,0.6101694915254238,0.6949152542372882,0.3220338983050847,0.3559322033898305,0.4067796610169492,0.3220338983050847,0.711864406779661,0.6101694915254238,254.23728813559322,186.4406779661017,0.01694915254237288,819.2138983050847,2.7966101694915255,0.4915254237288136,0.711864406779661,0.5084745762711864,0.1016949152542373,0.45197740112994345,0.5423728813559322,0.3813559322033898,0.211864406779661,0.5084745762711864,0.41666666666666663,0.4137711864406779,Bronze,292.95
P0042,62,0.45161290322580644,0.5806451612903226,0.22580645161290322,0.3548387096774194,0.41935483870967744,0.3548387096774194,0.7096774193548387,0.45161290322580644,274.19354838709677,193.54838709677418,0.04838709677419355,823.3167741935483,2.467741935483871,0.5806451612903226,0.6935483870967742,0.4838709677419355,0.11290322580645161,0.47849462365591394,0.41935483870967744,0.3870967741935484,0.2338709677419355,0.4838709677419355,0.3553763440860215,0.3710483870967742,Bronze,276.06
P0043,57,0.5789473684210527,0.6842105263157895,0.19298245614035087,0.2807017543859649,0.3508771929824561,0.3157894736842105,0.7017543859649122,0.5789473684210527,210.52631578947367,192.98245614035088,0.0,782.7659649122808,2.6315789473684212,0.5964912280701754,0.6842105263157895,0.5263157894736842,0.07017543859649122,0.49707602339181284,0.4853801169590643,0.3157894736842105,0.19298245614035087,0.5263157894736842,0.3508771929824561,0.3684210526315789,Bronze,252.0
P0044,70,0.4857142857142857,0.5571428571428572,0.21428571428571427,0.4142857142857143,0.34285714285714286,0.37142857142857144,0.6428571428571429,0.4857142857142857,257.1428571428571,214.28571428571428,0.02857142857142857,819.5187142857143,2.757142857142857,0.42857142857142855,0.6428571428571429,0.42857142857142855,0.12857142857142856,0.5047619047619047,0.41904761904761906,0.37857142857142856,0.25,0.42857142857142855,0.3483333333333334,0.36546428571428574,Bronze,306.99
P0045,55,0.41818181818181815,0.6727272727272727,0.2545454545454545,0.2545454545454545,0.3090909090909091,0.36363636363636365,0.7090909090909091,0.41818181818181815,290.9090909090909,90.9090909090909,0.01818181818181818,816.6318181818182,2.418181818181818,0.43636363636363634,0.7090909090909091,0.4727272727272727,0.03636363636363636,0.4909090909090909,0.44848484848484843,0.2818181818181818,0.2,0.4727272727272727,0.31606060606060604,0.33968181818181814,Bronze,224.19
P0046,57,0.43859649122807015,0.631578947368421,0.17543859649122806,0.19298245614035087,0.3508771929824561,0.24561403508771928,0.6666666666666666,0.43859649122807015,192.98245614035088,52.63157894736842,0.0,800.7957894736842,2.3508771929824563,0.43859649122807015,0.6140350877192983,0.40350877192982454,0.03508771929824561,0.5497076023391813,0.4152046783625731,0.27192982456140347,0.14035087719298245,0.40350877192982454,0.2885964912280702,0.3042543859649123,Bronze,208.11
P0047,63,0.5714285714285714,0.6507936507936508,0.19047619047619047,0.3968253968253968,0.3492063492063492,0.3492063492063492,0.6507936507936508,0.5873015873015873,285.7142857142857,142.85714285714286,0.015873015873015872,844.7012698412699,2.4285714285714284,0.6190476190476191,0.6825396825396826,0.5238095238095238,0.09523809523809523,0.455026455026455,0.47089947089947093,0.373015873015873,0.2222222222222222,0.5238095238095238,0.3764550264550265,0.38781746031746034,Bronze,293.19
P0048,63,0.5238095238095238,0.7142857142857143,0.2857142857142857,0.3492063492063492,0.36507936507936506,0.38095238095238093,0.7142857142857143,0.5238095238095238,253.96825396825395,111.1111111111111,0.031746031746031744,829.5914285714287,2.634920634920635,0.5238095238095238,0.6190476190476191,0.49206349206349204,0.06349206349206349,0.5343915343915343,0.5079365079365079,0.3571428571428571,0.2222222222222222,0.49206349206349204,0.37910052910052905,0.39218253968253963,Bronze,296.49
P0049,64,0.546875,0.671875,0.1875,0.46875,0.359375,0.34375,0.6875,0.546875,343.75,125.0,0.0,834.6153125,2.484375,0.546875,0.703125,0.484375,0.046875,0.421875,0.46875,0.4140625,0.1953125,0.484375,0.39921875,0.3915234375,Bronze,300.69
P0050,63,0.5873015873015873,0.5555555555555556,0.31746031746031744,0.31746031746031744,0.4126984126984127,0.4444444444444444,0.746031746031746,0.5873015873015873,317.46031746031747,95.23809523809523,0.0,818.7020634920635,2.4761904761904763,0.3333333333333333,0.6666666666666666,0.4603174603174603,0.047619047619047616,0.4973544973544973,0.48677248677248675,0.36507936507936506,0.24603174603174602,0.4603174603174603,0.3761904761904762,0.38896825396825396,Bronze,294.06
P0051,45,0.5111111111111111,0.4666666666666667,0.24444444444444444,0.35555555555555557,0.37777777777777777,0.28888888888888886,0.6444444444444445,0.5111111111111111,311.11111111111114,133.33333333333334,0.022222222222222223,847.704,2.933333333333333,0.4222222222222222,0.7777777777777778,0.6222222222222222,0.06666666666666667,0.5037037037037037,0.4074074074074074,0.3666666666666667,0.17777777777777776,0.6222222222222222,0.33666666666666667,0.36216666666666664,Bronze,195.57
P0052,61,0.45901639344262296,0.5901639344262295,0.21311475409836064,0.3114754098360656,0.22950819672131148,0.3114754098360656,0.5901639344262295,0.45901639344262296,262.29508196721315,147.54098360655738,0.01639344262295082,821.9293442622951,2.5245901639344264,0.4918032786885246,0.7049180327868853,0.5409836065573771,0.03278688524590164,0.5245901639344263,0.4207650273224044,0.27049180327868855,0.1721311475409836,0.5409836065573771,0.2931693989071038,0.3263524590163935,Bronze,238.89
P0053,58,0.6206896551724138,0.6896551724137931,0.3620689655172414,0.3275862068965517,0.4482758620689655,0.3793103448275862,0.7068965517241379,0.6206896551724138,275.8620689655172,68.9655172413793,0.0,809.0587931034484,2.8620689655172415,0.5,0.603448275862069,0.5172413793103449,0.05172413793103448,0.4827586206896552,0.557471264367816,0.3879310344827586,0.21551724137931033,0.5172413793103449,0.4244252873563218,0.42271551724137924,Bronze,294.21
P0054,60,0.6833333333333333,0.7,0.16666666666666666,0.45,0.4,0.3333333333333333,0.65,0.7,166.66666666666666,66.66666666666667,0.016666666666666666,827.2990000000001,2.8833333333333333,0.5666666666666667,0.85,0.5333333333333333,0.05,0.5,0.5166666666666667,0.42500000000000004,0.19166666666666665,0.5333333333333333,0.4208333333333334,0.41604166666666664,Bronze,299.55
P0055,63,0.4603174603174603,0.7142857142857143,0.31746031746031744,0.3492063492063492,0.2698412698412698,0.2698412698412698,0.7301587301587301,0.4603174603174603,158.73015873015873,142.85714285714286,0.015873015873015872,815.0953968253968,2.761904761904762,0.49206349206349204,0.6825396825396826,0.5238095238095238,0.06349206349206349,0.43915343915343913,0.4973544973544974,0.30952380952380953,0.16666666666666666,0.5238095238095238,0.3595238095238096,0.36623015873015874,Bronze,276.87
P0056,51,0.4117647058823529,0.6078431372549019,0.35294117647058826,0.2549019607843137,0.3137254901960784,0.35294117647058826,0.6862745098039216,0.4117647058823529,215.68627450980392,78.43137254901961,0.0,827.3192156862744,2.176470588235294,0.6666666666666666,0.6470588235294118,0.5294117647058824,0.0196078431372549,0.47058823529411764,0.45751633986928103,0.28431372549019607,0.18627450980392157,0.5294117647058824,0.3238562091503268,0.3471078431372549,Bronze,212.43
P0057,72,0.5138888888888888,0.6111111111111112,0.3055555555555556,0.3472222222222222,0.4166666666666667,0.2638888888888889,0.6111111111111112,0.5138888888888888,430.5555555555556,97.22222222222223,0.041666666666666664,823.0654166666667,2.513888888888889,0.4583333333333333,0.7361111111111112,0.5416666666666666,0.06944444444444445,0.48148148148148145,0.47685185185185186,0.3819444444444444,0.16666666666666669,0.5416666666666666,0.38125,0.3832291666666667,Bronze,331.11
P0058,60,0.55,0.7166666666666667,0.26666666666666666,0.35,0.35,0.43333333333333335,0.6833333333333333,0.5666666666666667,250.0,166.66666666666666,0.016666666666666666,812.6078333333334,2.45,0.38333333333333336,0.7666666666666667,0.5333333333333333,0.03333333333333333,0.43333333333333335,0.5111111111111111,0.35,0.23333333333333334,0.5333333333333333,0.3872222222222222,0.39891666666666664,Bronze,287.22
P0059,62,0.4838709677419355,0.6774193548387096,0.3225806451612903,0.2903225806451613,0.2903225806451613,0.4032258064516129,0.7580645161290323,0.5161290322580645,387.09677419354836,96.77419354838709,0.03225806451612903,819.9711290322581,2.7903225806451615,0.43548387096774194,0.7258064516129032,0.532258064516129,0.04838709677419355,0.47849462365591394,0.49462365591397844,0.2903225806451613,0.22580645161290322,0.532258064516129,0.3446236559139785,0.3710483870967742,Bronze,276.06
P0060,61,0.5409836065573771,0.7213114754098361,0.3114754098360656,0.4098360655737705,0.22950819672131148,0.21311475409836064,0.7213114754098361,0.5409836065573771,278.6885245901639,65.57377049180329,0.0,827.5221311475409,2.5901639344262297,0.4262295081967213,0.6557377049180327,0.5901639344262295,0.06557377049180328,0.5136612021857924,0.5245901639344263,0.319672131147541,0.13934426229508196,0.5901639344262295,0.3707650273224044,0.3797950819672131,Bronze,278.01
P0061,63,0.4444444444444444,0.6666666666666666,0.2698412698412698,0.36507936507936506,0.3492063492063492,0.2222222222222222,0.6984126984126984,0.4444444444444444,507.9365079365079,95.23809523809523,0.015873015873015872,819.0944444444444,2.619047619047619,0.6190476190476191,0.6825396825396826,0.5079365079365079,0.047619047619047616,0.5079365079365079,0.4603174603174603,0.3571428571428571,0.1349206349206349,0.5079365079365079,0.35793650793650794,0.3588492063492063,Bronze,271.29
P0062,50,0.58,0.78,0.28,0.34,0.38,0.3,0.56,0.58,260.0,140.0,0.02,823.3556,2.72,0.42,0.68,0.52,0.06,0.5066666666666666,0.5466666666666666,0.36,0.18,0.52,0.4026666666666666,0.4024,Bronze,241.44
P0063,52,0.5192307692307693,0.7692307692307693,0.28846153846153844,0.3076923076923077,0.36538461538461536,0.3269230769230769,0.6538461538461539,0.5192307692307693,307.69230769230774,76.92307692307693,0.0,813.2878846153847,2.519230769230769,0.40384615384615385,0.7692307692307693,0.38461538461538464,0.057692307692307696,0.5576923076923077,0.5256410256410257,0.33653846153846156,0.19230769230769232,0.38461538461538464,0.3753205128205128,0.3750480769230769,Bronze,234.03
P0064,54,0.5,0.6481481481481481,0.3333333333333333,0.4074074074074074,0.3888888888888889,0.37037037037037035,0.7407407407407407,0.5370370370370371,314.81481481481484,148.14814814814815,0.018518518518518517,816.2551851851852,2.685185185185185,0.42592592592592593,0.6481481481481481,0.5185185185185185,0.07407407407407407,0.43209876543209874,0.49382716049382713,0.39814814814814814,0.2222222222222222,0.5185185185185185,0.4027777777777778,0.4043981481481482,Bronze,262.05
P0065,57,0.5789473684210527,0.7017543859649122,0.19298245614035087,0.2631578947368421,0.3508771929824561,0.24561403508771928,0.6140350877192983,0.5789473684210527,280.7017543859649,140.35087719298244,0.03508771929824561,806.099649122807,2.7719298245614037,0.45614035087719296,0.7192982456140351,0.5789473684210527,0.05263157894736842,0.42105263157894735,0.49122807017543857,0.3070175438596491,0.14912280701754385,0.5789473684210527,0.35701754385964907,0.3653947368421052,Bronze,249.93
P0066,56,0.5178571428571429,0.6428571428571429,0.25,0.26785714285714285,0.32142857142857145,0.3392857142857143,0.6607142857142857,0.5178571428571429,285.7142857142857,142.85714285714286,0.05357142857142857,802.5669642857143,2.4642857142857144,0.5357142857142857,0.5892857142857143,0.375,0.07142857142857142,0.5238095238095238,0.4702380952380953,0.29464285714285715,0.20535714285714285,0.375,0.33005952380952386,0.3428125,Bronze,230.37
P0067,59,0.4067796610169492,0.5084745762711864,0.2033898305084746,0.4067796610169492,0.2711864406779661,0.3220338983050847,0.6779661016949152,0.4067796610169492,322.03389830508473,67.79661016949153,0.01694915254237288,803.1003389830508,2.6440677966101696,0.6101694915254238,0.576271186440678,0.3389830508474576,0.06779661016949153,0.4406779661016949,0.37288135593220345,0.3389830508474576,0.19491525423728812,0.3389830508474576,0.3118644067796611,0.316271186440678,Bronze,223.92
P0068,65,0.6461538461538462,0.6,0.2153846153846154,0.3230769230769231,0.3076923076923077,0.36923076923076925,0.6153846153846154,0.6461538461538462,307.69230769230774,107.6923076923077,0.03076923076923077,844.8018461538462,2.5538461538461537,0.5076923076923077,0.7384615384615385,0.5230769230769231,0.06153846153846154,0.5384615384615384,0.4871794871794872,0.3153846153846154,0.2153846153846154,0.5230769230769231,0.3474358974358974,0.37250000000000005,Bronze,290.55
P0069,50,0.58,0.6,0.22,0.28,0.26,0.32,0.7,0.58,300.0,200.0,0.0,818.9060000000001,2.74,0.56,0.68,0.62,0.1,0.4533333333333333,0.4666666666666666,0.27,0.21000000000000002,0.62,0.32299999999999995,0.35995,Bronze,215.97
P0070,64,0.46875,0.5625,0.265625,0.296875,0.34375,0.34375,0.640625,0.46875,281.25,125.0,0.015625,810.6928125,2.734375,0.453125,0.6875,0.515625,0.046875,0.49479166666666663,0.4322916666666667,0.3203125,0.1953125,0.515625,0.3268229166666667,0.3494140625,Bronze,268.35
P0071,61,0.4426229508196721,0.5245901639344263,0.22950819672131148,0.3442622950819672,0.39344262295081966,0.2786885245901639,0.6721311475409836,0.4426229508196721,311.4754098360656,98.36065573770492,0.0,800.9109836065574,2.4262295081967213,0.4918032786885246,0.5901639344262295,0.45901639344262296,0.04918032786885246,0.4918032786885246,0.3989071038251366,0.3688524590163934,0.16393442622950818,0.45901639344262296,0.33469945355191255,0.34077868852459015,Bronze,249.45
P0072,53,0.5094339622641509,0.6415094339622641,0.24528301886792453,0.3018867924528302,0.32075471698113206,0.33962264150943394,0.7169811320754716,0.5094339622641509,207.54716981132077,132.0754716981132,0.03773584905660377,835.7441509433962,2.358490566037736,0.41509433962264153,0.7924528301886793,0.39622641509433965,0.018867924528301886,0.4465408805031446,0.4654088050314465,0.3113207547169811,0.1792452830188679,0.39622641509433965,0.34371069182389935,0.34448113207547165,Bronze,219.09
P0073,66,0.5,0.5909090909090909,0.2727272727272727,0.3333333333333333,0.3787878787878788,0.30303030303030304,0.7424242424242424,0.5,363.6363636363636,166.66666666666666,0.045454545454545456,805.2566666666667,2.742424242424242,0.5757575757575758,0.5909090909090909,0.5151515151515151,0.09090909090909091,0.5,0.45454545454545453,0.3560606060606061,0.19696969696969696,0.5151515151515151,0.3553030303030303,0.3695833333333333,Bronze,292.71
P0074,67,0.5522388059701493,0.6567164179104478,0.208955223880597,0.3283582089552239,0.47761194029850745,0.19402985074626866,0.5671641791044776,0.5522388059701493,328.35820895522386,119.40298507462687,0.014925373134328358,841.9483582089553,2.5074626865671643,0.47761194029850745,0.5970149253731343,0.5074626865671642,0.05970149253731343,0.5223880597014925,0.472636815920398,0.40298507462686567,0.12686567164179105,0.5074626865671642,0.3855721393034826,0.3764925373134328,Bronze,302.7
P0075,69,0.463768115942029,0.6811594202898551,0.2898550724637681,0.36231884057971014,0.34782608695652173,0.34782608695652173,0.6811594202898551,0.463768115942029,318.8405797101449,115.94202898550725,0.014492753623188406,814.3379710144927,2.536231884057971,0.5507246376811594,0.6521739130434783,0.5072463768115942,0.028985507246376812,0.5507246376811594,0.47826086956521735,0.35507246376811596,0.18840579710144928,0.5072463768115942,0.3615942028985507,0.3748913043478261,Bronze,310.41
P0076,68,0.4411764705882353,0.7794117647058824,0.39705882352941174,0.35294117647058826,0.25,0.35294117647058826,0.7205882352941176,0.4411764705882353,205.88235294117646,73.52941176470588,0.014705882352941176,824.967205882353,2.485294117647059,0.5,0.7352941176470589,0.4411764705882353,0.04411764705882353,0.4117647058823529,0.5392156862745098,0.30147058823529416,0.1985294117647059,0.4411764705882353,0.37916666666666665,0.3778308823529412,Bronze,308.31
P0077,59,0.4915254237288136,0.7457627118644068,0.23728813559322035,0.3728813559322034,0.3389830508474576,0.3898305084745763,0.7288135593220338,0.4915254237288136,271.1864406779661,135.59322033898306,0.01694915254237288,827.0089830508474,2.6779661016949152,0.6101694915254238,0.5932203389830508,0.5423728813559322,0.11864406779661017,0.5084745762711864,0.4915254237288136,0.3559322033898305,0.2542372881355932,0.5423728813559322,0.3728813559322034,0.3974576271186441,Bronze,281.4
P0078,65,0.5692307692307692,0.7230769230769231,0.2153846153846154,0.4153846153846154,0.36923076923076925,0.3384615384615385,0.7384615384615385,0.5692307692307692,261.53846153846155,200.0,0.03076923076923077,839.2704615384615,2.3384615384615386,0.4307692307692308,0.7076923076923077,0.5076923076923077,0.1076923076923077,0.441025641025641,0.5025641025641026,0.39230769230769236,0.2230769230769231,0.5076923076923077,0.4033333333333333,0.4047307692307693,Bronze,315.69
P0079,68,0.47058823529411764,0.7058823529411765,0.29411764705882354,0.3235294117647059,0.3382352941176471,0.29411764705882354,0.6617647058823529,0.47058823529411764,323.5294117647059,132.35294117647058,0.0,817.6469117647058,2.764705882352941,0.5,0.6911764705882353,0.4852941176470588,0.07352941176470588,0.5245098039215685,0.4901960784313726,0.3308823529411765,0.18382352941176472,0.4852941176470588,0.3580882352941177,0.36878676470588234,Bronze,300.93
P0080,69,0.4492753623188406,0.6956521739130435,0.2608695652173913,0.391304347826087,0.2898550724637681,0.4057971014492754,0.7101449275362319,0.4492753623188406,260.8695652173913,72.46376811594203,0.0,817.8850724637681,2.1739130434782608,0.463768115942029,0.7101449275362319,0.5072463768115942,0.028985507246376812,0.5458937198067633,0.46859903381642515,0.34057971014492755,0.2173913043478261,0.5072463768115942,0.35000000000000003,0.37242753623188407,Bronze,308.37
P0081,47,0.5319148936170213,0.6595744680851063,0.2127659574468085,0.3404255319148936,0.3829787234042553,0.46808510638297873,0.7021276595744681,0.5319148936170213,255.3191489361702,148.93617021276594,0.02127659574468085,809.9270212765957,2.404255319148936,0.48936170212765956,0.723404255319149,0.44680851063829785,0.0851063829787234,0.5319148936170213,0.46808510638297873,0.36170212765957444,0.2765957446808511,0.44680851063829785,0.36170212765957444,0.3851063829787234,Bronze,217.2
P0082,57,0.47368421052631576,0.7192982456140351,0.2631578947368421,0.3508771929824561,0.3157894736842105,0.3333333333333333,0.6842105263157895,0.47368421052631576,315.7894736842105,70.17543859649122,0.0,798.3221052631579,2.3157894736842106,0.5263157894736842,0.6140350877192983,0.6140350877192983,0.05263157894736842,0.43859649122807015,0.4853801169590643,0.3333333333333333,0.19298245614035087,0.6140350877192983,0.36549707602339176,0.38377192982456143,Bronze,262.5
P0083,70,0.4857142857142857,0.6285714285714286,0.22857142857142856,0.3,0.35714285714285715,0.4142857142857143,0.6571428571428571,0.4857142857142857,271.4285714285714,114.28571428571428,0.02857142857142857,827.4944285714286,2.3285714285714287,0.5142857142857142,0.6714285714285714,0.5,0.05714285714285714,0.4809523809523809,0.44761904761904764,0.32857142857142857,0.23571428571428574,0.5,0.34,0.36457142857142855,Bronze,306.24
P0084,66,0.4696969696969697,0.6515151515151515,0.30303030303030304,0.3939393939393939,0.36363636363636365,0.36363636363636365,0.7121212121212122,0.4696969696969697,348.4848484848485,106.06060606060606,0.0,853.6101515151514,2.696969696969697,0.3787878787878788,0.6818181818181818,0.48484848484848486,0.030303030303030304,0.41919191919191917,0.4747474747474747,0.3787878787878788,0.19696969696969696,0.48484848484848486,0.38484848484848483,0.3827272727272727,Bronze,303.12
P0085,60,0.5166666666666667,0.6333333333333333,0.26666666666666666,0.48333333333333334,0.43333333333333335,0.38333333333333336,0.6333333333333333,0.5166666666666667,300.0,100.0,0.0,834.832,2.4166666666666665,0.5333333333333333,0.6666666666666666,0.5,0.05,0.5333333333333333,0.47222222222222215,0.45833333333333337,0.21666666666666667,0.5,0.41194444444444445,0.41137499999999994,Bronze,296.19
P0086,61,0.5573770491803278,0.6885245901639344,0.21311475409836064,0.4098360655737705,0.29508196721311475,0.32786885245901637,0.5901639344262295,0.5737704918032787,327.86885245901635,180.32786885245903,0.04918032786885246,828.8396721311476,2.1475409836065573,0.5245901639344263,0.6557377049180327,0.5573770491803278,0.11475409836065574,0.4808743169398907,0.4863387978142077,0.3524590163934426,0.22131147540983606,0.5573770491803278,0.3713114754098361,0.3897131147540984,Bronze,285.27
P0087,73,0.5616438356164384,0.684931506849315,0.273972602739726,0.3972602739726027,0.4520547945205479,0.3561643835616438,0.6575342465753424,0.5616438356164384,260.2739726027397,54.794520547945204,0.0410958904109589,823.0505479452055,2.6301369863013697,0.547945205479452,0.6986301369863014,0.3972602739726027,0.0547945205479452,0.4383561643835616,0.5068493150684932,0.4246575342465753,0.2054794520547945,0.3972602739726027,0.42191780821917807,0.4023287671232877,Bronze,352.44
P0088,55,0.4,0.8,0.34545454545454546,0.34545454545454546,0.2727272727272727,0.36363636363636365,0.7090909090909091,0.4,254.54545454545453,127.27272727272727,0.01818181818181818,801.6254545454545,2.290909090909091,0.4,0.6181818181818182,0.5272727272727272,0.05454545454545454,0.5030303030303029,0.5151515151515152,0.3090909090909091,0.2090909090909091,0.5272727272727272,0.36181818181818187,0.38063636363636366,Bronze,251.22
P0089,71,0.5492957746478874,0.704225352112676,0.28169014084507044,0.22535211267605634,0.29577464788732394,0.36619718309859156,0.5633802816901409,0.5492957746478874,309.8591549295774,140.84507042253523,0.028169014084507043,830.3981690140845,2.563380281690141,0.5070422535211268,0.7323943661971831,0.5774647887323944,0.07042253521126761,0.5492957746478874,0.511737089201878,0.2605633802816901,0.2183098591549296,0.5774647887323944,0.33122065727699534,0.36975352112676063,Bronze,315.03
P0090,48,0.4166666666666667,0.6666666666666666,0.22916666666666666,0.22916666666666666,0.25,0.4166666666666667,0.6875,0.4166666666666667,312.5,145.83333333333334,0.041666666666666664,836.8904166666666,2.7291666666666665,0.5,0.8333333333333334,0.5625,0.10416666666666667,0.4930555555555555,0.4375,0.23958333333333331,0.2604166666666667,0.5625,0.2892361111111111,0.34286458333333336,Bronze,197.49
P0091,53,0.5283018867924528,0.6792452830188679,0.37735849056603776,0.22641509433962265,0.32075471698113206,0.3018867924528302,0.7735849056603774,0.5283018867924528,320.75471698113205,94.33962264150944,0.03773584905660377,836.8428301886792,2.547169811320755,0.39622641509433965,0.7547169811320755,0.4716981132075472,0.05660377358490566,0.440251572327044,0.5283018867924528,0.27358490566037735,0.1792452830188679,0.4716981132075472,0.35691823899371067,0.363443396226415,Bronze,231.15
P0092,69,0.463768115942029,0.6521739130434783,0.18840579710144928,0.2898550724637681,0.21739130434782608,0.30434782608695654,0.6086956521739131,0.463768115942029,275.3623188405797,144.92753623188406,0.043478260869565216,825.9817391304348,2.3333333333333335,0.42028985507246375,0.7246376811594203,0.5217391304347826,0.08695652173913043,0.5169082125603864,0.43478260869565216,0.2536231884057971,0.1956521739130435,0.5217391304347826,0.292512077294686,0.32902173913043475,Bronze,272.43
P0093,73,0.589041095890411,0.6438356164383562,0.2054794520547945,0.2602739726027397,0.3698630136986301,0.3561643835616438,0.7123287671232876,0.6027397260273972,356.16438356164383,123.2876712328767,0.0,812.7130136986302,2.6027397260273974,0.4794520547945205,0.6027397260273972,0.5068493150684932,0.0410958904109589,0.5159817351598173,0.4794520547945205,0.3150684931506849,0.19863013698630136,0.5068493150684932,0.345662100456621,0.36486301369863017,Bronze,319.62
P0094,59,0.423728813559322,0.576271186440678,0.2542372881355932,0.3728813559322034,0.288135593220339,0.3559322033898305,0.6779661016949152,0.423728813559322,271.1864406779661,186.4406779661017,0.05084745762711865,840.6403389830508,2.457627118644068,0.576271186440678,0.6440677966101694,0.5423728813559322,0.11864406779661017,0.4632768361581921,0.4180790960451977,0.3305084745762712,0.23728813559322035,0.5423728813559322,0.32796610169491525,0.3589406779661017,Bronze,254.13
P0095,54,0.5555555555555556,0.7407407407407407,0.14814814814814814,0.25925925925925924,0.37037037037037035,0.35185185185185186,0.5185185185185185,0.5555555555555556,500.0,92.59259259259258,0.037037037037037035,793.1016666666666,2.1296296296296298,0.5,0.7037037037037037,0.5555555555555556,0.037037037037037035,0.4567901234567901,0.48148148148148145,0.31481481481481477,0.19444444444444445,0.5555555555555556,0.35246913580246914,0.37046296296296294,Bronze,240.06
P0096,50,0.5,0.76,0.22,0.3,0.34,0.38,0.7,0.5,340.0,120.0,0.0,804.941,2.48,0.48,0.64,0.52,0.04,0.48666666666666664,0.49333333333333335,0.32,0.21,0.52,0.358,0.3756999999999999,Bronze,225.42
P0097,67,0.5223880597014925,0.6417910447761194,0.3283582089552239,0.34328358208955223,0.26865671641791045,0.3283582089552239,0.7014925373134329,0.5223880597014925,268.65671641791045,104.4776119402985,0.014925373134328358,808.150895522388,2.5074626865671643,0.4925373134328358,0.6865671641791045,0.44776119402985076,0.07462686567164178,0.5422885572139303,0.49751243781094523,0.30597014925373134,0.20149253731343283,0.44776119402985076,0.34751243781094526,0.3629477611940298,Bronze,291.81
P0098,63,0.5555555555555556,0.7142857142857143,0.30158730158730157,0.38095238095238093,0.31746031746031744,0.36507936507936506,0.7142857142857143,0.5714285714285714,190.47619047619045,47.61904761904761,0.015873015873015872,819.3623809523809,2.6666666666666665,0.4444444444444444,0.6825396825396826,0.3968253968253968,0.047619047619047616,0.5291005291005292,0.5238095238095238,0.3492063492063492,0.20634920634920634,0.3968253968253968,0.3835978835978836,0.3829365079365079,Bronze,289.5
P0099,62,0.5645161290322581,0.5967741935483871,0.3870967741935484,0.4032258064516129,0.3064516129032258,0.3709677419354839,0.6612903225806451,0.5645161290322581,306.4516129032258,209.67741935483872,0.03225806451612903,801.5556451612903,2.8225806451612905,0.6290322580645161,0.7903225806451613,0.41935483870967744,0.11290322580645161,0.46236559139784944,0.5161290322580645,0.3548387096774194,0.24193548387096775,0.41935483870967744,0.389247311827957,0.39225806451612905,Bronze,291.84
P0100,54,0.3888888888888889,0.6481481481481481,0.12962962962962962,0.3333333333333333,0.3333333333333333,0.16666666666666666,0.5370370370370371,0.3888888888888889,296.2962962962963,92.59259259259258,0.0,850.3462962962963,2.5185185185185186,0.46296296296296297,0.6481481481481481,0.5,0.037037037037037035,0.5493827160493827,0.38888888888888884,0.3333333333333333,0.10185185185185185,0.5,0.3061728395061728,0.31629629629629624,Bronze,204.96
P0101,53,0.4716981132075472,0.6792452830188679,0.33962264150943394,0.2830188679245283,0.2641509433962264,0.2830188679245283,0.7169811320754716,0.4716981132075472,415.09433962264154,75.47169811320754,0.018867924528301886,824.293962264151,2.1320754716981134,0.49056603773584906,0.7358490566037735,0.41509433962264153,0.03773584905660377,0.4716981132075472,0.49685534591194963,0.27358490566037735,0.16037735849056603,0.41509433962264153,0.3380503144654088,0.34174528301886786,Bronze,217.35
P0102,65,0.5538461538461539,0.6,0.24615384615384617,0.24615384615384617,0.27692307692307694,0.3384615384615385,0.7230769230769231,0.5538461538461539,230.76923076923077,153.84615384615387,0.03076923076923077,784.8867692307692,2.6307692307692307,0.4461538461538462,0.6923076923076923,0.6615384615384615,0.12307692307692308,0.4717948717948718,0.4666666666666666,0.26153846153846155,0.23076923076923078,0.6615384615384615,0.3169230769230769,0.36523076923076925,Bronze,284.88
P0103,68,0.4852941176470588,0.6323529411764706,0.23529411764705882,0.3235294117647059,0.3382352941176471,0.4264705882352941,0.7058823529411765,0.4852941176470588,264.70588235294116,220.58823529411765,0.029411764705882353,823.8717647058824,2.426470588235294,0.45588235294117646,0.8235294117647058,0.38235294117647056,0.08823529411764706,0.48039215686274506,0.45098039215686275,0.3308823529411765,0.25735294117647056,0.38235294117647056,0.34289215686274516,0.3591544117647059,Bronze,293.07
P0104,63,0.47619047619047616,0.7142857142857143,0.19047619047619047,0.31746031746031744,0.2698412698412698,0.19047619047619047,0.6349206349206349,0.47619047619047616,444.4444444444444,79.36507936507937,0.0,827.0201587301586,2.7936507936507935,0.5396825396825397,0.6190476190476191,0.6031746031746031,0.047619047619047616,0.4973544973544973,0.4603174603174603,0.2936507936507936,0.11904761904761904,0.6031746031746031,0.32724867724867723,0.34472222222222215,Bronze,260.61
P0105,66,0.4393939393939394,0.696969696969697,0.19696969696969696,0.2727272727272727,0.3484848484848485,0.3787878787878788,0.6666666666666666,0.4393939393939394,348.4848484848485,196.96969696969697,0.06060606060606061,822.9103030303031,2.6363636363636362,0.4696969696969697,0.6212121212121212,0.5454545454545454,0.10606060606060606,0.4949494949494949,0.4444444444444445,0.3106060606060606,0.24242424242424243,0.5454545454545454,0.32803030303030306,0.363219696969697,Bronze,287.67
P0106,65,0.5846153846153846,0.8,0.23076923076923078,0.27692307692307694,0.38461538461538464,0.35384615384615387,0.7384615384615385,0.5846153846153846,230.76923076923077,123.07692307692308,0.0,824.1478461538462,2.3692307692307693,0.5384615384615384,0.7076923076923077,0.5230769230769231,0.06153846153846154,0.39487179487179486,0.5384615384615384,0.3307692307692308,0.2076923076923077,0.5230769230769231,0.3951282051282051,0.3973461538461539,Bronze,309.93
P0107,69,0.5507246376811594,0.6521739130434783,0.2608695652173913,0.3188405797101449,0.4057971014492754,0.2608695652173913,0.6666666666666666,0.5507246376811594,347.82608695652175,144.92753623188406,0.057971014492753624,810.8531884057971,2.6231884057971016,0.4927536231884058,0.6231884057971014,0.4782608695652174,0.043478260869565216,0.46859903381642504,0.48792270531400966,0.36231884057971014,0.15217391304347827,0.4782608695652174,0.37826086956521743,0.37195652173913046,Bronze,307.98
P0108,56,0.42857142857142855,0.6785714285714286,0.32142857142857145,0.3392857142857143,0.2857142857142857,0.375,0.7142857142857143,0.42857142857142855,250.0,125.0,0.03571428571428571,822.1603571428572,2.8214285714285716,0.48214285714285715,0.75,0.625,0.05357142857142857,0.5773809523809524,0.4761904761904762,0.3125,0.21428571428571427,0.625,0.3366071428571429,0.3768303571428572,Bronze,253.23
P0109,63,0.5079365079365079,0.7619047619047619,0.20634920634920634,0.3492063492063492,0.3492063492063492,0.36507936507936506,0.6349206349206349,0.5079365079365079,365.07936507936506,190.47619047619045,0.047619047619047616,840.7398412698412,1.9841269841269842,0.4444444444444444,0.6666666666666666,0.5238095238095238,0.1111111111111111,0.43386243386243384,0.49206349206349204,0.3492063492063492,0.23809523809523808,0.5238095238095238,0.37724867724867717,0.3915079365079365,Bronze,295.98
P0110,52,0.4423076923076923,0.7307692307692307,0.2692307692307692,0.34615384615384615,0.3269230769230769,0.28846153846153844,0.6538461538461539,0.4423076923076923,230.76923076923077,76.92307692307693,0.0,801.8146153846154,2.25,0.5961538461538461,0.75,0.38461538461538464,0.019230769230769232,0.4487179487179487,0.48076923076923067,0.33653846153846156,0.15384615384615383,0.38461538461538464,0.36378205128205127,0.35216346153846145,Bronze,219.75
P0111,64,0.46875,0.671875,0.28125,0.296875,0.28125,0.375,0.6875,0.46875,203.125,93.75,0.015625,815.030625,2.78125,0.515625,0.65625,0.53125,0.0625,0.515625,0.4739583333333333,0.2890625,0.21875,0.53125,0.3299479166666666,0.36082031249999996,Bronze,277.11
P0112,54,0.5185185185185185,0.7037037037037037,0.2777777777777778,0.2222222222222222,0.3148148148148148,0.42592592592592593,0.6481481481481481,0.5185185185185185,222.2222222222222,37.03703703703704,0.0,802.4661111111111,2.2962962962962963,0.5555555555555556,0.7222222222222222,0.48148148148148145,0.018518518518518517,0.4753086419753086,0.5,0.2685185185185185,0.2222222222222222,0.48148148148148145,0.33672839506172836,0.3602314814814815,Bronze,233.43
P0113,47,0.3191489361702128,0.723404255319149,0.2553191489361702,0.3617021276595745,0.3404255319148936,0.2978723404255319,0.6170212765957447,0.3191489361702128,191.48936170212767,148.93617021276594,0.0,834.0563829787235,2.404255319148936,0.6382978723404256,0.723404255319149,0.5531914893617021,0.10638297872340426,0.45390070921985815,0.4326241134751773,0.35106382978723405,0.20212765957446807,0.5531914893617021,0.34645390070921983,0.3652659574468085,Bronze,206.01
P0114,59,0.4745762711864407,0.711864406779661,0.3220338983050847,0.3050847457627119,0.3389830508474576,0.4067796610169492,0.6610169491525424,0.4745762711864407,186.4406779661017,118.64406779661017,0.01694915254237288,811.6664406779661,2.6271186440677967,0.576271186440678,0.7796610169491526,0.4745762711864407,0.03389830508474576,0.5254237288135594,0.5028248587570622,0.3220338983050848,0.22033898305084748,0.4745762711864407,0.35988700564971754,0.3768644067796611,Bronze,266.82
P0115,57,0.3508771929824561,0.5964912280701754,0.15789473684210525,0.24561403508771928,0.21052631578947367,0.19298245614035087,0.5263157894736842,0.3508771929824561,315.7894736842105,157.89473684210526,0.0,829.369649122807,2.754385964912281,0.5263157894736842,0.7719298245614035,0.40350877192982454,0.07017543859649122,0.5087719298245614,0.3684210526315789,0.22807017543859648,0.13157894736842105,0.40350877192982454,0.24736842105263157,0.27131578947368423,Bronze,185.58
P0116,56,0.5535714285714286,0.7142857142857143,0.21428571428571427,0.32142857142857145,0.35714285714285715,0.25,0.6428571428571429,0.5535714285714286,285.7142857142857,160.71428571428572,0.03571428571428571,827.2864285714286,2.017857142857143,0.5357142857142857,0.7321428571428571,0.5714285714285714,0.10714285714285714,0.4583333333333333,0.494047619047619,0.3392857142857143,0.17857142857142858,0.5714285714285714,0.3708333333333333,0.38151785714285713,Bronze,256.38
P0117,46,0.5,0.7608695652173914,0.2391304347826087,0.34782608695652173,0.3695652173913043,0.2391304347826087,0.6956521739130435,0.5,217.3913043478261,108.69565217391305,0.0,809.1497826086957,2.5217391304347827,0.5434782608695652,0.6521739130434783,0.5,0.06521739130434782,0.5434782608695652,0.5,0.358695652173913,0.15217391304347827,0.5,0.375,0.37635869565217384,Bronze,207.75
P0118,69,0.4492753623188406,0.6231884057971014,0.2608695652173913,0.3333333333333333,0.2753623188405797,0.30434782608695654,0.6956521739130435,0.4492753623188406,289.8550724637681,57.971014492753625,0.0,826.7220289855072,2.869565217391304,0.5362318840579711,0.7246376811594203,0.5217391304347826,0.028985507246376812,0.48309178743961345,0.4444444444444444,0.30434782608695654,0.16666666666666669,0.5217391304347826,0.32608695652173914,0.3438405797101449,Bronze,284.7
P0119,63,0.6031746031746031,0.6349206349206349,0.2857142857142857,0.3968253968253968,0.31746031746031744,0.36507936507936506,0.7142857142857143,0.6031746031746031,253.96825396825395,111.1111111111111,0.0,802.9496825396826,2.5555555555555554,0.4444444444444444,0.746031746031746,0.5238095238095238,0.06349206349206349,0.4708994708994709,0.5079365079365079,0.3571428571428571,0.21428571428571427,0.5238095238095238,0.38544973544973543,0.39472222222222225,Bronze,298.41
P0120,75,0.41333333333333333,0.6266666666666667,0.32,0.3466666666666667,0.37333333333333335,0.37333333333333335,0.7333333333333333,0.41333333333333333,240.0,120.0,0.02666666666666667,829.0081333333334,2.466666666666667,0.4266666666666667,0.6933333333333334,0.5333333333333333,0.08,0.48,0.45333333333333337,0.36,0.22666666666666668,0.5333333333333333,0.3586666666666667,0.3784666666666667,Bronze,340.62
P0121,68,0.47058823529411764,0.6470588235294118,0.27941176470588236,0.36764705882352944,0.38235294117647056,0.2647058823529412,0.6911764705882353,0.47058823529411764,235.2941176470588,161.76470588235296,0.014705882352941176,827.455,2.3676470588235294,0.47058823529411764,0.7352941176470589,0.45588235294117646,0.11764705882352941,0.534313725490196,0.4656862745098039,0.375,0.19117647058823528,0.45588235294117646,0.3669117647058823,0.37231617647058823,Bronze,303.81
P0122,61,0.4918032786885246,0.5901639344262295,0.32786885245901637,0.3770491803278688,0.2786885245901639,0.36065573770491804,0.6229508196721312,0.4918032786885246,229.5081967213115,114.75409836065575,0.01639344262295082,833.8732786885246,2.5901639344262297,0.47540983606557374,0.639344262295082,0.5737704918032787,0.04918032786885246,0.5519125683060109,0.46994535519125674,0.32786885245901637,0.20491803278688525,0.5737704918032787,0.34371584699453545,0.37286885245901635,Bronze,272.94
P0123,68,0.5294117647058824,0.6764705882352942,0.3382352941176471,0.3088235294117647,0.27941176470588236,0.4411764705882353,0.7647058823529411,0.5294117647058824,205.88235294117646,102.94117647058823,0.0,810.5164705882353,2.3529411764705883,0.5,0.5735294117647058,0.4411764705882353,0.029411764705882353,0.5,0.5147058823529412,0.29411764705882354,0.23529411764705882,0.4411764705882353,0.35441176470588237,0.3722794117647059,Bronze,303.78
P0124,52,0.4807692307692308,0.6538461538461539,0.2692307692307692,0.38461538461538464,0.3076923076923077,0.3269230769230769,0.6730769230769231,0.5,250.0,173.07692307692307,0.019230769230769232,816.075,2.519230769230769,0.5,0.6730769230769231,0.4230769230769231,0.07692307692307693,0.5256410256410257,0.4679487179487179,0.34615384615384615,0.20192307692307693,0.4230769230769231,0.35448717948717945,0.36278846153846156,Bronze,226.38
P0125,58,0.5517241379310345,0.6206896551724138,0.3103448275862069,0.3275862068965517,0.3275862068965517,0.2413793103448276,0.6896551724137931,0.5517241379310345,293.10344827586204,68.9655172413793,0.017241379310344827,811.7087931034483,2.586206896551724,0.46551724137931033,0.6724137931034483,0.3793103448275862,0.034482758620689655,0.5114942528735632,0.4942528735632184,0.3275862068965517,0.13793103448275862,0.3793103448275862,0.35977011494252875,0.3496551724137931,Bronze,243.36
P0126,54,0.5555555555555556,0.7037037037037037,0.16666666666666666,0.24074074074074073,0.2777777777777778,0.37037037037037035,0.6111111111111112,0.5555555555555556,185.18518518518516,74.07407407407408,0.0,805.653148148148,2.1296296296296298,0.4074074074074074,0.7592592592592593,0.5185185185185185,0.05555555555555555,0.5555555555555556,0.4753086419753087,0.25925925925925924,0.21296296296296297,0.5185185185185185,0.3117283950617284,0.34861111111111115,Bronze,225.9
P0127,56,0.5,0.6785714285714286,0.26785714285714285,0.4107142857142857,0.375,0.26785714285714285,0.5714285714285714,0.5,214.28571428571428,142.85714285714286,0.03571428571428571,831.4828571428571,2.75,0.48214285714285715,0.8035714285714286,0.4642857142857143,0.05357142857142857,0.47023809523809523,0.48214285714285715,0.39285714285714285,0.1607142857142857,0.4642857142857143,0.3904761904761905,0.37999999999999995,Bronze,255.36
P0128,66,0.4393939393939394,0.7272727272727273,0.3181818181818182,0.3333333333333333,0.3484848484848485,0.2878787878787879,0.6515151515151515,0.4393939393939394,272.7272727272727,121.21212121212122,0.0,821.4812121212121,2.515151515151515,0.5454545454545454,0.7272727272727273,0.48484848484848486,0.06060606060606061,0.5757575757575758,0.494949494949495,0.34090909090909094,0.17424242424242425,0.48484848484848486,0.3603535353535353,0.37109848484848484,Bronze,293.91
P0129,65,0.4461538461538462,0.6615384615384615,0.3230769230769231,0.4461538461538462,0.3230769230769231,0.3384615384615385,0.7538461538461538,0.4461538461538462,338.46153846153845,123.07692307692308,0.0,806.482,2.0615384615384613,0.47692307692307695,0.7384615384615385,0.5692307692307692,0.046153846153846156,0.5538461538461539,0.47692307692307695,0.38461538461538464,0.19230769230769232,0.5692307692307692,0.3753846153846154,0.39092307692307693,Bronze,304.92
P0130,50,0.6,0.58,0.24,0.3,0.4,0.4,0.56,0.6,260.0,100.0,0.06,812.9068,2.56,0.44,0.72,0.4,0.02,0.52,0.47333333333333333,0.35,0.21000000000000002,0.4,0.35966666666666663,0.36545,Bronze,219.27
P0131,63,0.5555555555555556,0.6190476190476191,0.2857142857142857,0.4444444444444444,0.36507936507936506,0.19047619047619047,0.5714285714285714,0.5555555555555556,301.58730158730157,63.49206349206349,0.015873015873015872,836.8442857142858,2.6984126984126986,0.47619047619047616,0.6984126984126984,0.6190476190476191,0.015873015873015872,0.5238095238095238,0.4867724867724868,0.40476190476190477,0.10317460317460317,0.6190476190476191,0.3933862433862434,0.38876984126984127,Bronze,293.91
P0132,57,0.42105263157894735,0.7719298245614035,0.24561403508771928,0.2631578947368421,0.24561403508771928,0.2631578947368421,0.7017543859649122,0.42105263157894735,245.6140350877193,122.80701754385964,0.03508771929824561,791.7071929824561,3.1403508771929824,0.5614035087719298,0.6666666666666666,0.5789473684210527,0.03508771929824561,0.5029239766081871,0.4795321637426901,0.2543859649122807,0.14912280701754385,0.5789473684210527,0.31666666666666665,0.34267543859649124,Bronze,234.39
P0133,57,0.5263157894736842,0.6842105263157895,0.3333333333333333,0.2982456140350877,0.2631578947368421,0.2807017543859649,0.7192982456140351,0.5263157894736842,315.7894736842105,70.17543859649122,0.0,804.3440350877194,2.456140350877193,0.42105263157894735,0.6842105263157895,0.5087719298245614,0.0,0.5555555555555555,0.5146198830409356,0.2807017543859649,0.14035087719298245,0.5087719298245614,0.3421052631578947,0.3548245614035087,Bronze,242.7
P0134,64,0.515625,0.53125,0.296875,0.328125,0.375,0.3125,0.625,0.515625,234.375,140.625,0.03125,812.9203125,2.390625,0.515625,0.75,0.40625,0.046875,0.49479166666666663,0.4479166666666667,0.3515625,0.1796875,0.40625,0.3502604166666667,0.3513671875,Bronze,269.85
P0135,68,0.4264705882352941,0.75,0.29411764705882354,0.3088235294117647,0.3088235294117647,0.20588235294117646,0.6176470588235294,0.4264705882352941,205.88235294117646,88.23529411764706,0.014705882352941176,827.3691176470588,2.5441176470588234,0.39705882352941174,0.6617647058823529,0.5588235294117647,0.058823529411764705,0.48039215686274506,0.4901960784313726,0.3088235294117647,0.1323529411764706,0.5588235294117647,0.35147058823529415,0.3593382352941177,Bronze,293.22
P0136,57,0.631578947368421,0.6666666666666666,0.24561403508771928,0.2807017543859649,0.3684210526315789,0.3333333333333333,0.7368421052631579,0.631578947368421,298.2456140350877,140.35087719298244,0.0,806.7861403508772,2.4210526315789473,0.5789473684210527,0.7894736842105263,0.40350877192982454,0.08771929824561403,0.5087719298245614,0.5146198830409356,0.32456140350877194,0.21052631578947367,0.40350877192982454,0.36871345029239766,0.3732894736842105,Bronze,255.33
P0137,66,0.4696969696969697,0.7424242424242424,0.21212121212121213,0.3333333333333333,0.36363636363636365,0.3181818181818182,0.5909090909090909,0.4696969696969697,257.57575757575756,121.21212121212122,0.0,837.9290909090909,2.4696969696969697,0.5606060606060606,0.7575757575757576,0.45454545454545453,0.06060606060606061,0.51010101010101,0.47474747474747475,0.3484848484848485,0.1893939393939394,0.45454545454545453,0.36060606060606065,0.366969696969697,Bronze,290.64
P0138,56,0.5357142857142857,0.6964285714285714,0.26785714285714285,0.32142857142857145,0.32142857142857145,0.35714285714285715,0.5892857142857143,0.5357142857142857,267.85714285714283,160.71428571428572,0.017857142857142856,839.5078571428572,2.982142857142857,0.44642857142857145,0.6428571428571429,0.5714285714285714,0.03571428571428571,0.5654761904761905,0.5,0.32142857142857145,0.19642857142857142,0.5714285714285714,0.35416666666666663,0.3799107142857143,Bronze,255.3
P0139,51,0.5490196078431373,0.7058823529411765,0.23529411764705882,0.45098039215686275,0.23529411764705882,0.29411764705882354,0.5686274509803921,0.5490196078431373,215.68627450980392,78.43137254901961,0.0392156862745098,820.2429411764706,2.784313725490196,0.5490196078431373,0.7647058823529411,0.49019607843137253,0.058823529411764705,0.5294117647058824,0.49673202614379086,0.3431372549019608,0.17647058823529413,0.49019607843137253,0.3669934640522876,0.37416666666666665,Bronze,228.99
P0140,68,0.4264705882352941,0.6617647058823529,0.27941176470588236,0.4411764705882353,0.3382352941176471,0.29411764705882354,0.6764705882352942,0.4264705882352941,250.0,117.6470588235294,0.014705882352941176,850.2430882352941,2.426470588235294,0.5,0.7058823529411765,0.5294117647058824,0.029411764705882353,0.48039215686274506,0.45588235294117646,0.3897058823529412,0.16176470588235295,0.5294117647058824,0.3747549019607843,0.3756985294117647,Bronze,306.57
P0141,56,0.5535714285714286,0.625,0.25,0.32142857142857145,0.26785714285714285,0.3392857142857143,0.75,0.5535714285714286,321.42857142857144,53.57142857142857,0.0,838.2719642857144,2.857142857142857,0.5714285714285714,0.8571428571428571,0.6428571428571429,0.03571428571428571,0.5238095238095238,0.4761904761904762,0.29464285714285715,0.1875,0.6428571428571429,0.3330357142857143,0.3682589285714286,Bronze,247.47
P0142,64,0.578125,0.75,0.15625,0.4375,0.34375,0.28125,0.65625,0.578125,312.5,125.0,0.03125,840.4350000000001,2.78125,0.515625,0.640625,0.484375,0.046875,0.4739583333333333,0.4947916666666667,0.390625,0.1640625,0.484375,0.39531250000000007,0.38664062500000007,Bronze,296.94
P0143,68,0.45588235294117646,0.6470588235294118,0.2647058823529412,0.25,0.2647058823529412,0.45588235294117646,0.75,0.45588235294117646,294.11764705882354,205.88235294117646,0.04411764705882353,805.1282352941176,2.6470588235294117,0.5441176470588235,0.7205882352941176,0.5294117647058824,0.10294117647058823,0.5686274509803921,0.45588235294117646,0.25735294117647056,0.27941176470588236,0.5294117647058824,0.29975490196078425,0.3548897058823529,Bronze,289.59
P0144,56,0.4107142857142857,0.6607142857142857,0.26785714285714285,0.42857142857142855,0.39285714285714285,0.32142857142857145,0.625,0.4107142857142857,321.42857142857144,125.0,0.03571428571428571,827.8587500000001,2.482142857142857,0.5535714285714286,0.6607142857142857,0.5178571428571429,0.017857142857142856,0.5238095238095238,0.4464285714285714,0.4107142857142857,0.16964285714285715,0.5178571428571429,0.3761904761904762,0.37875,Bronze,254.52
P0145,66,0.5606060606060606,0.7272727272727273,0.19696969696969696,0.3484848484848485,0.21212121212121213,0.42424242424242425,0.6363636363636364,0.5606060606060606,287.8787878787879,166.66666666666666,0.045454545454545456,824.3146969696969,2.515151515151515,0.4090909090909091,0.6666666666666666,0.6060606060606061,0.030303030303030304,0.47474747474747475,0.494949494949495,0.28030303030303033,0.2272727272727273,0.6060606060606061,0.3401515151515152,0.3756439393939394,Bronze,297.51
P0146,69,0.37681159420289856,0.7101449275362319,0.2028985507246377,0.3188405797101449,0.3333333333333333,0.36231884057971014,0.5942028985507246,0.37681159420289856,304.34782608695656,173.91304347826087,0.028985507246376812,820.363188405797,2.5072463768115942,0.5797101449275363,0.6521739130434783,0.3333333333333333,0.10144927536231885,0.5700483091787439,0.429951690821256,0.32608695652173914,0.2318840579710145,0.3333333333333333,0.3210144927536232,0.3383695652173913,Bronze,280.17
P0147,56,0.35714285714285715,0.7142857142857143,0.25,0.2857142857142857,0.30357142857142855,0.35714285714285715,0.6607142857142857,0.35714285714285715,357.14285714285717,107.14285714285714,0.0,801.0328571428571,2.7857142857142856,0.5,0.7678571428571429,0.39285714285714285,0.07142857142857142,0.5416666666666666,0.44047619047619047,0.2946428571428571,0.2142857142857143,0.39285714285714285,0.31339285714285714,0.3349553571428572,Bronze,225.09
P0148,78,0.5897435897435898,0.6794871794871795,0.21794871794871795,0.28205128205128205,0.3717948717948718,0.2692307692307692,0.6410256410256411,0.5897435897435898,243.5897435897436,38.46153846153847,0.0,813.5212820512821,2.551282051282051,0.5512820512820513,0.782051282051282,0.5384615384615384,0.01282051282051282,0.4444444444444444,0.49572649572649574,0.3269230769230769,0.14102564102564102,0.5384615384615384,0.36688034188034185,0.3675320512820513,Bronze,344.01
P0149,62,0.5483870967741935,0.6451612903225806,0.27419354838709675,0.25806451612903225,0.41935483870967744,0.24193548387096775,0.6451612903225806,0.5483870967741935,258.06451612903226,161.29032258064515,0.03225806451612903,806.0066129032259,2.274193548387097,0.6290322580645161,0.7096774193548387,0.4838709677419355,0.04838709677419355,0.4838709677419355,0.48924731182795694,0.33870967741935487,0.14516129032258066,0.4838709677419355,0.3655913978494623,0.36370967741935484,Bronze,270.6
P0150,59,0.576271186440678,0.5932203389830508,0.288135593220339,0.3050847457627119,0.3728813559322034,0.2542372881355932,0.711864406779661,0.576271186440678,355.9322033898305,220.33898305084745,0.0,833.269661016949,2.8813559322033897,0.5254237288135594,0.6101694915254238,0.3728813559322034,0.1016949152542373,0.5423728813559322,0.4858757062146893,0.3389830508474576,0.17796610169491525,0.3728813559322034,0.35819209039548017,0.35711864406779664,Bronze,252.84
P0151,60,0.45,0.6,0.23333333333333334,0.3333333333333333,0.36666666666666664,0.3,0.5833333333333334,0.45,250.0,100.0,0.0,837.7044999999999,2.5166666666666666,0.5166666666666667,0.7166666666666667,0.48333333333333334,0.06666666666666667,0.48333333333333334,0.4277777777777778,0.35,0.18333333333333332,0.48333333333333334,0.34055555555555556,0.35191666666666666,Bronze,253.38
P0152,56,0.42857142857142855,0.6785714285714286,0.23214285714285715,0.4107142857142857,0.42857142857142855,0.26785714285714285,0.6785714285714286,0.42857142857142855,196.42857142857142,214.28571428571428,0.017857142857142856,822.6039285714286,2.375,0.5892857142857143,0.6785714285714286,0.4107142857142857,0.14285714285714285,0.494047619047619,0.44642857142857145,0.4196428571428571,0.20535714285714285,0.4107142857142857,0.3836309523809524,0.3785267857142857,Bronze,254.37
P0153,72,0.625,0.6666666666666666,0.2222222222222222,0.2916666666666667,0.3333333333333333,0.4166666666666667,0.6666666666666666,0.6388888888888888,222.2222222222222,152.7777777777778,0.041666666666666664,822.7243055555556,2.4583333333333335,0.5277777777777778,0.6666666666666666,0.4583333333333333,0.06944444444444445,0.4305555555555556,0.5046296296296297,0.3125,0.24305555555555558,0.4583333333333333,0.36550925925925926,0.37878472222222226,Bronze,327.27
P0154,63,0.4444444444444444,0.6349206349206349,0.20634920634920634,0.38095238095238093,0.3333333333333333,0.47619047619047616,0.7301587301587301,0.4444444444444444,333.3333333333333,142.85714285714286,0.06349206349206349,782.9763492063493,2.3968253968253967,0.5873015873015873,0.7301587301587301,0.4444444444444444,0.1111111111111111,0.4708994708994709,0.42857142857142855,0.3571428571428571,0.2936507936507936,0.4444444444444444,0.3457671957671957,0.37289682539682534,Bronze,281.91
P0155,70,0.5428571428571428,0.6428571428571429,0.24285714285714285,0.35714285714285715,0.4,0.42857142857142855,0.7,0.5428571428571428,271.4285714285714,42.857142857142854,0.0,824.572,2.4571428571428573,0.5,0.7,0.5,0.02857142857142857,0.5428571428571428,0.4761904761904762,0.37857142857142856,0.22857142857142856,0.5,0.37309523809523815,0.38917857142857143,Bronze,326.91
P0156,59,0.5932203389830508,0.6610169491525424,0.288135593220339,0.3559322033898305,0.3220338983050847,0.3559322033898305,0.6949152542372882,0.5932203389830508,237.28813559322035,84.7457627118644,0.01694915254237288,837.1974576271186,2.440677966101695,0.4745762711864407,0.6440677966101694,0.5084745762711864,0.06779661016949153,0.5084745762711864,0.5141242937853107,0.3389830508474576,0.211864406779661,0.5084745762711864,0.37570621468926546,0.38855932203389826,Bronze,275.1
P0157,61,0.4918032786885246,0.6065573770491803,0.3114754098360656,0.5737704918032787,0.36065573770491804,0.29508196721311475,0.6721311475409836,0.4918032786885246,229.5081967213115,131.14754098360658,0.01639344262295082,836.5986885245901,2.098360655737705,0.4918032786885246,0.7049180327868853,0.45901639344262296,0.06557377049180328,0.4808743169398907,0.4699453551912569,0.4672131147540983,0.18032786885245902,0.45901639344262296,0.4204918032786885,0.402827868852459,Bronze,294.87
P0158,74,0.4594594594594595,0.6891891891891891,0.2972972972972973,0.3108108108108108,0.4189189189189189,0.36486486486486486,0.7297297297297297,0.4594594594594595,378.3783783783784,108.10810810810811,0.013513513513513514,807.5698648648648,2.527027027027027,0.4864864864864865,0.5675675675675675,0.5405405405405406,0.02702702702702703,0.4864864864864865,0.481981981981982,0.36486486486486486,0.19594594594594594,0.5405405405405406,0.3747747747747748,0.3852702702702702,Bronze,342.12
P0159,64,0.609375,0.78125,0.3125,0.3125,0.359375,0.4375,0.71875,0.609375,234.375,125.0,0.0625,836.15046875,2.015625,0.515625,0.796875,0.515625,0.09375,0.5260416666666666,0.5677083333333334,0.3359375,0.265625,0.515625,0.39921875,0.41886718749999996,Bronze,321.69
P0160,55,0.45454545454545453,0.6,0.34545454545454546,0.41818181818181815,0.2909090909090909,0.4,0.6545454545454545,0.45454545454545453,381.8181818181818,218.18181818181816,0.12727272727272726,825.2958181818182,2.309090909090909,0.6181818181818182,0.7818181818181819,0.509090909090909,0.09090909090909091,0.4727272727272727,0.4666666666666666,0.3545454545454545,0.24545454545454548,0.509090909090909,0.3633333333333333,0.3831363636363636,Bronze,252.87
P0161,46,0.4782608695652174,0.7608695652173914,0.2826086956521739,0.32608695652173914,0.391304347826087,0.2826086956521739,0.6521739130434783,0.4782608695652174,239.13043478260872,108.69565217391305,0.0,822.9582608695653,2.608695652173913,0.6304347826086957,0.7608695652173914,0.43478260869565216,0.021739130434782608,0.4855072463768116,0.5072463768115942,0.3586956521739131,0.15217391304347824,0.43478260869565216,0.3844202898550725,0.37342391304347833,Bronze,206.13
P0162,61,0.47540983606557374,0.7540983606557377,0.22950819672131148,0.2786885245901639,0.3770491803278688,0.3442622950819672,0.5245901639344263,0.47540983606557374,327.86885245901635,196.72131147540983,0.04918032786885246,825.8308196721312,2.737704918032787,0.5737704918032787,0.7213114754098361,0.5737704918032787,0.04918032786885246,0.46448087431693985,0.4863387978142076,0.32786885245901637,0.19672131147540983,0.5737704918032787,0.360655737704918,0.3786885245901639,Bronze,277.2
P0163,63,0.5079365079365079,0.6825396825396826,0.19047619047619047,0.3968253968253968,0.3333333333333333,0.36507936507936506,0.6984126984126984,0.5079365079365079,396.8253968253968,79.36507936507937,0.015873015873015872,830.1207936507936,2.6825396825396823,0.6507936507936508,0.6666666666666666,0.5079365079365079,0.031746031746031744,0.5079365079365079,0.4603174603174603,0.36507936507936506,0.1984126984126984,0.5079365079365079,0.3619047619047619,0.37412698412698403,Bronze,282.84
P0164,51,0.47058823529411764,0.5882352941176471,0.2549019607843137,0.3137254901960784,0.27450980392156865,0.35294117647058826,0.5294117647058824,0.47058823529411764,176.47058823529412,176.47058823529412,0.0,774.0811764705883,2.607843137254902,0.4117647058823529,0.7843137254901961,0.4117647058823529,0.0392156862745098,0.522875816993464,0.43790849673202614,0.29411764705882354,0.19607843137254904,0.4117647058823529,0.3137254901960785,0.3323529411764706,Bronze,203.4
P0165,55,0.4727272727272727,0.7090909090909091,0.23636363636363636,0.32727272727272727,0.3090909090909091,0.34545454545454546,0.5818181818181818,0.4727272727272727,363.6363636363636,54.54545454545454,0.0,832.0285454545455,2.6,0.509090909090909,0.7636363636363637,0.4909090909090909,0.03636363636363636,0.4606060606060606,0.4727272727272727,0.3181818181818182,0.19090909090909092,0.4909090909090909,0.34939393939393937,0.36104545454545456,Bronze,238.29
P0166,55,0.5454545454545454,0.7090909090909091,0.3090909090909091,0.3090909090909091,0.3090909090909091,0.36363636363636365,0.7636363636363637,0.5454545454545454,272.7272727272727,109.09090909090908,0.01818181818181818,834.4423636363637,2.4545454545454546,0.6363636363636364,0.7636363636363637,0.4,0.05454545454545454,0.5212121212121211,0.5212121212121211,0.3090909090909091,0.2090909090909091,0.4,0.363030303030303,0.36990909090909085,Bronze,244.14
P0167,69,0.5942028985507246,0.6231884057971014,0.2608695652173913,0.3333333333333333,0.34782608695652173,0.36231884057971014,0.6956521739130435,0.5942028985507246,202.8985507246377,144.92753623188406,0.014492753623188406,799.1,2.739130434782609,0.5072463768115942,0.7681159420289855,0.4057971014492754,0.028985507246376812,0.5217391304347826,0.4927536231884058,0.3405797101449275,0.1956521739130435,0.4057971014492754,0.36449275362318834,0.36735507246376814,Bronze,304.17
P0168,54,0.46296296296296297,0.5925925925925926,0.25925925925925924,0.35185185185185186,0.37037037037037035,0.3148148148148148,0.7037037037037037,0.46296296296296297,314.81481481481484,111.1111111111111,0.018518518518518517,823.8261111111111,2.2222222222222223,0.46296296296296297,0.5925925925925926,0.5,0.018518518518518517,0.5061728395061729,0.4382716049382716,0.3611111111111111,0.16666666666666669,0.5,0.3490740740740741,0.3574537037037037,Bronze,231.63
P0169,55,0.4727272727272727,0.5818181818181818,0.23636363636363636,0.2727272727272727,0.38181818181818183,0.32727272727272727,0.6909090909090909,0.4727272727272727,290.9090909090909,54.54545454545454,0.01818181818181818,830.9332727272728,2.309090909090909,0.45454545454545453,0.6727272727272727,0.509090909090909,0.03636363636363636,0.5393939393939393,0.43030303030303024,0.32727272727272727,0.18181818181818182,0.509090909090909,0.32484848484848483,0.3469090909090909,Bronze,228.96
P0170,73,0.4794520547945205,0.7397260273972602,0.136986301369863,0.273972602739726,0.3287671232876712,0.3424657534246575,0.6986301369863014,0.4794520547945205,273.972602739726,95.8904109589041,0.0273972602739726,823.1160273972603,2.410958904109589,0.4931506849315068,0.821917808219178,0.589041095890411,0.0821917808219178,0.4657534246575342,0.452054794520548,0.3013698630136986,0.21232876712328766,0.589041095890411,0.3301369863013699,0.3618493150684932,Bronze,316.98
P0171,69,0.5942028985507246,0.6521739130434783,0.21739130434782608,0.2898550724637681,0.2608695652173913,0.2898550724637681,0.7391304347826086,0.5942028985507246,289.8550724637681,115.94202898550725,0.014492753623188406,828.4734782608696,2.782608695652174,0.5217391304347826,0.6376811594202898,0.42028985507246375,0.057971014492753624,0.5555555555555555,0.48792270531400966,0.2753623188405797,0.17391304347826086,0.42028985507246375,0.32608695652173914,0.34094202898550724,Bronze,282.3
P0172,66,0.5606060606060606,0.7575757575757576,0.36363636363636365,0.36363636363636365,0.2727272727272727,0.2727272727272727,0.8181818181818182,0.5606060606060606,257.57575757575756,106.06060606060606,0.0,812.7359090909091,2.515151515151515,0.6212121212121212,0.696969696969697,0.4696969696969697,0.06060606060606061,0.51010101010101,0.5606060606060606,0.3181818181818182,0.16666666666666666,0.4696969696969697,0.38838383838383833,0.38628787878787874,Bronze,305.94
P0173,50,0.54,0.58,0.3,0.18,0.22,0.36,0.56,0.54,420.0,80.0,0.02,827.3528,2.12,0.64,0.74,0.5,0.02,0.4933333333333333,0.4733333333333334,0.2,0.19,0.5,0.28733333333333333,0.32310000000000005,Bronze,193.86
P0174,61,0.39344262295081966,0.6885245901639344,0.29508196721311475,0.18032786885245902,0.4426229508196721,0.3442622950819672,0.6557377049180327,0.4098360655737705,213.11475409836063,49.18032786885246,0.01639344262295082,822.0665573770491,2.6557377049180326,0.5409836065573771,0.6065573770491803,0.5081967213114754,0.03278688524590164,0.5300546448087431,0.45901639344262285,0.3114754098360656,0.1885245901639344,0.5081967213114754,0.33224043715846996,0.3539344262295082,Bronze,259.08
P0175,54,0.4444444444444444,0.6851851851851852,0.2962962962962963,0.2777777777777778,0.2962962962962963,0.3888888888888889,0.5925925925925926,0.48148148148148145,148.14814814814815,166.66666666666666,0.0,806.4305555555555,2.2037037037037037,0.35185185185185186,0.6851851851851852,0.6111111111111112,0.09259259259259259,0.5308641975308641,0.4753086419753087,0.28703703703703703,0.24074074074074076,0.6111111111111112,0.32808641975308644,0.3728240740740741,Bronze,241.59
P0176,73,0.5205479452054794,0.6575342465753424,0.3013698630136986,0.273972602739726,0.2876712328767123,0.3972602739726027,0.6712328767123288,0.5205479452054794,260.2739726027397,178.08219178082192,0.0136986301369863,812.5693150684931,2.4794520547945207,0.5342465753424658,0.6164383561643836,0.4794520547945205,0.0821917808219178,0.5159817351598173,0.49315068493150677,0.2808219178082192,0.23972602739726026,0.4794520547945205,0.3353881278538813,0.36434931506849316,Bronze,319.17
P0177,52,0.4807692307692308,0.6346153846153846,0.19230769230769232,0.4230769230769231,0.2692307692307692,0.3269230769230769,0.6346153846153846,0.4807692307692308,211.53846153846155,115.38461538461539,0.0,814.4536538461538,2.4423076923076925,0.38461538461538464,0.8269230769230769,0.5769230769230769,0.057692307692307696,0.43589743589743585,0.4358974358974359,0.34615384615384615,0.19230769230769232,0.5769230769230769,0.3474358974358974,0.3655769230769231,Bronze,228.12
P0178,72,0.4305555555555556,0.6666666666666666,0.2361111111111111,0.3333333333333333,0.4305555555555556,0.3194444444444444,0.6805555555555556,0.4305555555555556,152.7777777777778,111.1111111111111,0.013888888888888888,817.6133333333333,2.5,0.4583333333333333,0.6388888888888888,0.4861111111111111,0.08333333333333333,0.5462962962962963,0.4444444444444445,0.3819444444444444,0.20138888888888887,0.4861111111111111,0.3585648148148148,0.3714930555555555,Bronze,320.97
P0179,63,0.47619047619047616,0.7301587301587301,0.30158730158730157,0.3492063492063492,0.38095238095238093,0.3968253968253968,0.6666666666666666,0.47619047619047616,301.58730158730157,142.85714285714286,0.0,833.2760317460318,2.888888888888889,0.5396825396825397,0.6507936507936508,0.5873015873015873,0.09523809523809523,0.49206349206349204,0.5026455026455027,0.36507936507936506,0.24603174603174602,0.5873015873015873,0.38465608465608464,0.40769841269841267,Bronze,308.22
P0180,50,0.48,0.64,0.26,0.42,0.24,0.28,0.66,0.48,280.0,100.0,0.0,817.8922,2.66,0.46,0.6,0.54,0.04,0.48,0.46,0.32999999999999996,0.16,0.54,0.34700000000000003,0.35855,Bronze,215.13
P0181,60,0.55,0.7333333333333333,0.2833333333333333,0.2833333333333333,0.3333333333333333,0.6,0.7166666666666667,0.55,200.0,83.33333333333333,0.016666666666666666,807.0031666666667,2.933333333333333,0.45,0.7833333333333333,0.48333333333333334,0.06666666666666667,0.5611111111111111,0.5222222222222221,0.30833333333333335,0.3333333333333333,0.48333333333333334,0.35916666666666663,0.402625,Bronze,289.89
P0182,59,0.5254237288135594,0.6101694915254238,0.11864406779661017,0.3050847457627119,0.2542372881355932,0.2542372881355932,0.5084745762711864,0.5254237288135594,186.4406779661017,186.4406779661017,0.03389830508474576,851.0183050847457,2.76271186440678,0.576271186440678,0.711864406779661,0.5932203389830508,0.11864406779661017,0.5423728813559322,0.4180790960451977,0.2796610169491526,0.1864406779661017,0.5932203389830508,0.2946327683615819,0.33614406779661016,Bronze,237.99
P0183,64,0.640625,0.671875,0.34375,0.3125,0.40625,0.28125,0.734375,0.640625,328.125,78.125,0.015625,804.02375,2.328125,0.46875,0.6875,0.59375,0.078125,0.49479166666666663,0.5520833333333334,0.359375,0.1796875,0.59375,0.40625,0.41171875,Bronze,316.2
P0184,54,0.5370370370370371,0.6666666666666666,0.3333333333333333,0.2777777777777778,0.4444444444444444,0.42592592592592593,0.7407407407407407,0.5370370370370371,259.25925925925924,37.03703703703704,0.0,815.4248148148149,2.388888888888889,0.5925925925925926,0.6296296296296297,0.5370370370370371,0.037037037037037035,0.5061728395061729,0.5123456790123456,0.3611111111111111,0.23148148148148148,0.5370370370370371,0.38611111111111107,0.4018981481481481,Bronze,260.43
P0185,50,0.52,0.68,0.18,0.28,0.46,0.38,0.62,0.52,240.0,100.0,0.02,786.758,2.56,0.44,0.72,0.56,0.04,0.5066666666666666,0.46,0.37,0.21,0.56,0.3643333333333334,0.38315000000000005,Bronze,229.89
P0186,45,0.4666666666666667,0.6444444444444445,0.15555555555555556,0.3333333333333333,0.35555555555555557,0.4,0.6444444444444445,0.4666666666666667,355.55555555555554,111.1111111111111,0.022222222222222223,804.5862222222222,2.111111111111111,0.4222222222222222,0.6,0.5111111111111111,0.044444444444444446,0.5185185185185185,0.4222222222222222,0.34444444444444444,0.22222222222222224,0.5111111111111111,0.33148148148148143,0.35805555555555557,Bronze,193.35
P0187,64,0.4375,0.578125,0.28125,0.453125,0.296875,0.328125,0.671875,0.4375,203.125,93.75,0.0,809.9309375,2.703125,0.421875,0.765625,0.46875,0.03125,0.484375,0.4322916666666667,0.375,0.1796875,0.46875,0.35520833333333335,0.35953125,Bronze,276.12
P0188,72,0.3611111111111111,0.6666666666666666,0.2222222222222222,0.3194444444444444,0.4166666666666667,0.3194444444444444,0.6111111111111112,0.3611111111111111,333.3333333333333,208.33333333333334,0.027777777777777776,809.0195833333332,2.4722222222222223,0.4166666666666667,0.6111111111111112,0.4305555555555556,0.09722222222222222,0.5046296296296295,0.4166666666666667,0.3680555555555556,0.20833333333333331,0.4305555555555556,0.34189814814814823,0.3530208333333334,Bronze,305.01
P0189,58,0.4482758620689655,0.7068965517241379,0.15517241379310345,0.3275862068965517,0.3448275862068966,0.43103448275862066,0.5862068965517241,0.4482758620689655,155.17241379310346,155.17241379310346,0.017241379310344827,826.5462068965518,2.586206896551724,0.603448275862069,0.6551724137931034,0.46551724137931033,0.034482758620689655,0.43103448275862066,0.43678160919540227,0.33620689655172414,0.23275862068965517,0.46551724137931033,0.3433908045977011,0.35969827586206893,Bronze,250.35
P0190,40,0.4,0.7,0.275,0.375,0.375,0.35,0.775,0.4,450.0,175.0,0.025,782.4672499999999,2.925,0.575,0.775,0.425,0.1,0.5333333333333333,0.4583333333333333,0.375,0.22499999999999998,0.425,0.3633333333333333,0.37324999999999997,Bronze,179.16
P0191,58,0.46551724137931033,0.6379310344827587,0.29310344827586204,0.27586206896551724,0.2413793103448276,0.3448275862068966,0.7068965517241379,0.46551724137931033,189.65517241379308,68.9655172413793,0.0,814.2929310344828,2.3793103448275863,0.5344827586206896,0.6724137931034483,0.5172413793103449,0.034482758620689655,0.4597701149425287,0.46551724137931033,0.25862068965517243,0.18965517241379312,0.5172413793103449,0.3160919540229885,0.3413793103448276,Bronze,237.6
P0192,50,0.42,0.74,0.28,0.44,0.2,0.34,0.6,0.42,420.0,100.0,0.02,827.8252,2.58,0.46,0.76,0.48,0.06,0.62,0.48,0.32,0.2,0.48,0.338,0.3627,Bronze,217.62
P0193,63,0.38095238095238093,0.6984126984126984,0.3333333333333333,0.3333333333333333,0.31746031746031744,0.4603174603174603,0.6190476190476191,0.38095238095238093,301.58730158730157,174.60317460317458,0.047619047619047616,825.128253968254,2.380952380952381,0.5396825396825397,0.746031746031746,0.5079365079365079,0.047619047619047616,0.455026455026455,0.4708994708994709,0.32539682539682535,0.25396825396825395,0.5079365079365079,0.35264550264550265,0.37710317460317455,Bronze,285.09
P0194,53,0.5471698113207547,0.660377358490566,0.33962264150943394,0.3584905660377358,0.3584905660377358,0.39622641509433965,0.6792452830188679,0.5471698113207547,226.41509433962264,37.73584905660377,0.0,810.4864150943396,2.5849056603773586,0.5283018867924528,0.660377358490566,0.49056603773584906,0.0,0.4654088050314465,0.5157232704402516,0.3584905660377358,0.19811320754716982,0.49056603773584906,0.3905660377358491,0.3916037735849056,Bronze,249.06
P0195,66,0.6212121212121212,0.6818181818181818,0.2727272727272727,0.2878787878787879,0.3333333333333333,0.42424242424242425,0.7121212121212122,0.6212121212121212,393.93939393939394,196.96969696969697,0.045454545454545456,838.9968181818182,2.6666666666666665,0.5,0.7878787878787878,0.48484848484848486,0.15151515151515152,0.48989898989898983,0.5252525252525252,0.3106060606060606,0.2878787878787879,0.48484848484848486,0.36893939393939396,0.3966287878787879,Bronze,314.13
P0196,51,0.5882352941176471,0.7450980392156863,0.35294117647058826,0.21568627450980393,0.3137254901960784,0.43137254901960786,0.6470588235294118,0.6078431372549019,274.5098039215687,58.8235294117647,0.0196078431372549,811.728431372549,2.392156862745098,0.4117647058823529,0.6862745098039216,0.5490196078431373,0.0196078431372549,0.5032679738562091,0.562091503267974,0.2647058823529412,0.22549019607843138,0.5490196078431373,0.3630718954248367,0.38926470588235307,Bronze,238.23
P0197,61,0.47540983606557374,0.7049180327868853,0.2786885245901639,0.3770491803278688,0.3770491803278688,0.29508196721311475,0.7049180327868853,0.4918032786885246,245.9016393442623,163.93442622950818,0.01639344262295082,803.4054098360656,2.5737704918032787,0.4426229508196721,0.7213114754098361,0.47540983606557374,0.08196721311475409,0.4808743169398907,0.4863387978142077,0.3770491803278688,0.1885245901639344,0.47540983606557374,0.3836065573770492,0.3829508196721312,Bronze,280.32
P0198,48,0.5833333333333334,0.6666666666666666,0.3125,0.375,0.2708333333333333,0.2916666666666667,0.6875,0.5833333333333334,354.1666666666667,62.5,0.0,823.660625,2.0833333333333335,0.4791666666666667,0.7916666666666666,0.5208333333333334,0.020833333333333332,0.5833333333333334,0.5208333333333334,0.32291666666666663,0.15625,0.5208333333333334,0.36354166666666665,0.37484375,Bronze,215.91
P0199,61,0.5901639344262295,0.7049180327868853,0.2459016393442623,0.29508196721311475,0.4098360655737705,0.4426229508196721,0.6885245901639344,0.5901639344262295,344.2622950819672,163.93442622950818,0.0,820.9622950819671,2.377049180327869,0.4918032786885246,0.639344262295082,0.5081967213114754,0.06557377049180328,0.5191256830601092,0.5136612021857924,0.3524590163934426,0.2540983606557377,0.5081967213114754,0.38114754098360654,0.4010245901639345,Bronze,293.55
P0200,58,0.46551724137931033,0.6896551724137931,0.3103448275862069,0.22413793103448276,0.43103448275862066,0.27586206896551724,0.7068965517241379,0.46551724137931033,396.55172413793105,120.6896551724138,0.034482758620689655,854.8013793103448,2.310344827586207,0.5,0.6724137931034483,0.43103448275862066,0.08620689655172414,0.557471264367816,0.48850574712643674,0.3275862068965517,0.1810344827586207,0.43103448275862066,0.35229885057471266,0.3606034482758621,Bronze,250.98
P0201,64,0.546875,0.625,0.203125,0.421875,0.265625,0.296875,0.671875,0.546875,375.0,203.125,0.0625,813.363125,2.703125,0.53125,0.75,0.546875,0.09375,0.47916666666666663,0.4583333333333333,0.34375,0.1953125,0.546875,0.35312499999999997,0.37015624999999996,Bronze,284.28
P0202,65,0.47692307692307695,0.6615384615384615,0.26153846153846155,0.4307692307692308,0.35384615384615387,0.27692307692307694,0.5384615384615384,0.47692307692307695,246.15384615384616,169.23076923076923,0.046153846153846156,827.544923076923,2.4307692307692306,0.46153846153846156,0.7692307692307693,0.5538461538461539,0.13846153846153847,0.5179487179487179,0.4666666666666666,0.39230769230769236,0.2076923076923077,0.5538461538461539,0.3776923076923077,0.39165384615384613,Bronze,305.49
P0203,65,0.5538461538461539,0.6307692307692307,0.26153846153846155,0.3076923076923077,0.27692307692307694,0.3230769230769231,0.7230769230769231,0.5538461538461539,276.92307692307696,107.6923076923077,0.015384615384615385,814.1103076923076,2.1076923076923078,0.38461538461538464,0.6923076923076923,0.5230769230769231,0.09230769230769231,0.48717948717948717,0.48205128205128206,0.2923076923076923,0.2076923076923077,0.5230769230769231,0.3384615384615385,0.36230769230769233,Bronze,282.6
P0204,65,0.49230769230769234,0.7384615384615385,0.24615384615384617,0.36923076923076925,0.3076923076923077,0.46153846153846156,0.6307692307692307,0.49230769230769234,246.15384615384616,138.46153846153848,0.015384615384615385,807.1850769230768,2.3230769230769233,0.46153846153846156,0.6153846153846154,0.49230769230769234,0.07692307692307693,0.4974358974358974,0.49230769230769234,0.3384615384615385,0.2692307692307693,0.49230769230769234,0.3656410256410257,0.39023076923076927,Bronze,304.38
P0205,42,0.5238095238095238,0.5952380952380952,0.2857142857142857,0.21428571428571427,0.40476190476190477,0.4523809523809524,0.6190476190476191,0.5238095238095238,214.28571428571428,95.23809523809523,0.0,805.0590476190476,2.5714285714285716,0.38095238095238093,0.5476190476190477,0.4523809523809524,0.07142857142857142,0.5634920634920635,0.4682539682539682,0.30952380952380953,0.2619047619047619,0.4523809523809524,0.33253968253968247,0.3653571428571428,Bronze,184.14
P0206,57,0.543859649122807,0.6842105263157895,0.22807017543859648,0.3508771929824561,0.24561403508771928,0.3157894736842105,0.5789473684210527,0.543859649122807,421.05263157894734,105.26315789473684,0.03508771929824561,816.3619298245613,2.8421052631578947,0.43859649122807015,0.6491228070175439,0.6140350877192983,0.03508771929824561,0.5555555555555555,0.48538011695906436,0.2982456140350877,0.17543859649122806,0.6140350877192983,0.3362573099415205,0.36710526315789477,Bronze,251.1
P0207,68,0.5735294117647058,0.75,0.35294117647058826,0.2647058823529412,0.3088235294117647,0.36764705882352944,0.75,0.5735294117647058,279.4117647058824,117.6470588235294,0.0,815.1850000000001,2.588235294117647,0.4264705882352941,0.6911764705882353,0.36764705882352944,0.04411764705882353,0.5,0.5588235294117647,0.2867647058823529,0.2058823529411765,0.36764705882352944,0.37279411764705883,0.3731985294117647,Bronze,304.53
P0208,51,0.49019607843137253,0.5294117647058824,0.37254901960784315,0.3137254901960784,0.37254901960784315,0.3137254901960784,0.7450980392156863,0.49019607843137253,490.19607843137254,58.8235294117647,0.0,824.8805882352942,2.5686274509803924,0.5490196078431373,0.6470588235294118,0.5294117647058824,0.0196078431372549,0.522875816993464,0.4640522875816993,0.3431372549019608,0.16666666666666666,0.5294117647058824,0.3513071895424837,0.3639705882352941,Bronze,222.75
P0209,55,0.5272727272727272,0.6545454545454545,0.3090909090909091,0.34545454545454546,0.2545454545454545,0.41818181818181815,0.7818181818181819,0.5272727272727272,327.27272727272725,54.54545454545454,0.01818181818181818,835.1883636363636,2.418181818181818,0.5272727272727272,0.5818181818181818,0.4727272727272727,0.03636363636363636,0.4424242424242424,0.4969696969696969,0.3,0.22727272727272727,0.4727272727272727,0.3542424242424242,0.3699545454545454,Bronze,244.17
P0210,65,0.4461538461538462,0.7384615384615385,0.23076923076923078,0.2923076923076923,0.4153846153846154,0.3230769230769231,0.6615384615384615,0.4461538461538462,307.69230769230774,153.84615384615387,0.03076923076923077,820.968,2.123076923076923,0.4461538461538462,0.7230769230769231,0.4153846153846154,0.09230769230769231,0.4358974358974359,0.47179487179487184,0.35384615384615387,0.2076923076923077,0.4153846153846154,0.36923076923076925,0.36846153846153845,Bronze,287.4
P0211,62,0.532258064516129,0.6774193548387096,0.20967741935483872,0.27419354838709675,0.25806451612903225,0.3064516129032258,0.6129032258064516,0.532258064516129,258.06451612903226,161.29032258064515,0.016129032258064516,803.5840322580646,2.6129032258064515,0.43548387096774194,0.7419354838709677,0.4838709677419355,0.06451612903225806,0.49462365591397844,0.47311827956989244,0.2661290322580645,0.18548387096774194,0.4838709677419355,0.32016129032258067,0.3419758064516129,Bronze,254.43
P0212,62,0.3870967741935484,0.6612903225806451,0.27419354838709675,0.3064516129032258,0.3548387096774194,0.24193548387096775,0.6935483870967742,0.3870967741935484,258.06451612903226,112.90322580645162,0.0,803.1233870967742,2.5483870967741935,0.5806451612903226,0.7096774193548387,0.3709677419354839,0.06451612903225806,0.45698924731182794,0.44086021505376344,0.3306451612903226,0.1532258064516129,0.3709677419354839,0.3400537634408602,0.3336693548387097,Bronze,248.25
P0213,61,0.4426229508196721,0.5737704918032787,0.29508196721311475,0.4098360655737705,0.32786885245901637,0.2786885245901639,0.7049180327868853,0.4426229508196721,278.6885245901639,114.75409836065575,0.0,808.9049180327868,2.737704918032787,0.3770491803278688,0.7377049180327869,0.5409836065573771,0.04918032786885246,0.4808743169398907,0.43715846994535523,0.3688524590163934,0.16393442622950818,0.5409836065573771,0.3549180327868853,0.36348360655737705,Bronze,266.07
P0214,58,0.46551724137931033,0.6206896551724138,0.2413793103448276,0.3620689655172414,0.3103448275862069,0.3620689655172414,0.6206896551724138,0.46551724137931033,172.41379310344828,86.20689655172414,0.017241379310344827,833.6624137931034,2.6724137931034484,0.5689655172413793,0.7241379310344828,0.5517241379310345,0.034482758620689655,0.557471264367816,0.4425287356321839,0.33620689655172414,0.19827586206896552,0.5517241379310345,0.33362068965517244,0.3616810344827587,Bronze,251.73
P0215,64,0.546875,0.671875,0.25,0.25,0.34375,0.421875,0.578125,0.546875,187.5,93.75,0.015625,833.7440625,2.46875,0.546875,0.65625,0.625,0.015625,0.5260416666666666,0.4895833333333333,0.296875,0.21875,0.625,0.34062499999999996,0.3784375,Bronze,290.64
P0216,62,0.45161290322580644,0.6612903225806451,0.3548387096774194,0.41935483870967744,0.3709677419354839,0.3064516129032258,0.6290322580645161,0.45161290322580644,241.93548387096774,145.16129032258067,0.016129032258064516,822.4733870967742,3.2096774193548385,0.5483870967741935,0.7903225806451613,0.5161290322580645,0.04838709677419355,0.45698924731182794,0.489247311827957,0.3951612903225806,0.1774193548387097,0.5161290322580645,0.396505376344086,0.3921370967741935,Bronze,291.75
P0217,61,0.4918032786885246,0.6229508196721312,0.2459016393442623,0.3114754098360656,0.4098360655737705,0.3770491803278688,0.6721311475409836,0.4918032786885246,311.4754098360656,114.75409836065575,0.01639344262295082,826.7560655737706,2.5737704918032787,0.47540983606557374,0.6557377049180327,0.39344262295081966,0.09836065573770492,0.4808743169398907,0.453551912568306,0.36065573770491804,0.23770491803278687,0.39344262295081966,0.3590163934426229,0.36696721311475416,Bronze,268.62
P0218,47,0.425531914893617,0.6595744680851063,0.2978723404255319,0.2978723404255319,0.40425531914893614,0.2765957446808511,0.7872340425531915,0.425531914893617,234.04255319148936,148.93617021276594,0.0425531914893617,807.7678723404256,2.702127659574468,0.3829787234042553,0.6808510638297872,0.46808510638297873,0.10638297872340426,0.5106382978723404,0.4609929078014184,0.35106382978723405,0.19148936170212766,0.46808510638297873,0.3549645390070922,0.36441489361702123,Bronze,205.53
P0219,51,0.39215686274509803,0.7450980392156863,0.23529411764705882,0.29411764705882354,0.23529411764705882,0.2549019607843137,0.7058823529411765,0.39215686274509803,156.86274509803923,117.6470588235294,0.0196078431372549,828.4478431372548,2.9019607843137254,0.47058823529411764,0.6470588235294118,0.47058823529411764,0.058823529411764705,0.5424836601307189,0.45751633986928103,0.2647058823529412,0.1568627450980392,0.47058823529411764,0.30686274509803924,0.3278921568627451,Bronze,200.67
P0220,85,0.4823529411764706,0.6705882352941176,0.24705882352941178,0.4235294117647059,0.2823529411764706,0.36470588235294116,0.6,0.4823529411764706,200.0,117.6470588235294,0.047058823529411764,800.5116470588235,2.447058823529412,0.38823529411764707,0.7176470588235294,0.49411764705882355,0.047058823529411764,0.49019607843137253,0.4666666666666666,0.3529411764705882,0.20588235294117646,0.49411764705882355,0.3607843137254902,0.3729411764705883,Bronze,380.4
P0221,55,0.5272727272727272,0.6727272727272727,0.2,0.36363636363636365,0.4,0.36363636363636365,0.6,0.5272727272727272,218.18181818181816,127.27272727272727,0.05454545454545454,799.7870909090909,2.381818181818182,0.43636363636363634,0.6727272727272727,0.43636363636363634,0.09090909090909091,0.4606060606060606,0.4666666666666666,0.38181818181818183,0.2272727272727273,0.43636363636363634,0.3781818181818181,0.38127272727272726,Bronze,251.64
P0222,68,0.6323529411764706,0.6617647058823529,0.23529411764705882,0.22058823529411764,0.35294117647058826,0.3382352941176471,0.6911764705882353,0.6323529411764706,235.2941176470588,117.6470588235294,0.014705882352941176,833.6667647058823,2.5588235294117645,0.6029411764705882,0.6470588235294118,0.5,0.04411764705882353,0.49509803921568624,0.5098039215686274,0.2867647058823529,0.1911764705882353,0.5,0.34877450980392155,0.3651838235294117,Bronze,297.99
P0223,59,0.576271186440678,0.6610169491525424,0.23728813559322035,0.23728813559322035,0.3220338983050847,0.288135593220339,0.6271186440677966,0.576271186440678,355.9322033898305,169.4915254237288,0.03389830508474576,838.0561016949152,2.3728813559322033,0.5084745762711864,0.7457627118644068,0.5932203389830508,0.11864406779661017,0.5423728813559322,0.4915254237288136,0.2796610169491525,0.2033898305084746,0.5932203389830508,0.33135593220338977,0.3670762711864407,Bronze,259.89
P0224,59,0.559322033898305,0.7796610169491526,0.23728813559322035,0.3898305084745763,0.5254237288135594,0.2711864406779661,0.7288135593220338,0.559322033898305,186.4406779661017,118.64406779661017,0.01694915254237288,823.4859322033898,2.4745762711864407,0.423728813559322,0.7457627118644068,0.576271186440678,0.06779661016949153,0.45197740112994345,0.5254237288135594,0.4576271186440678,0.1694915254237288,0.576271186440678,0.4463276836158192,0.43050847457627117,Bronze,304.8
P0225,53,0.4716981132075472,0.5660377358490566,0.39622641509433965,0.22641509433962265,0.33962264150943394,0.3018867924528302,0.7547169811320755,0.4716981132075472,283.0188679245283,339.62264150943395,0.03773584905660377,788.4079245283019,2.490566037735849,0.4339622641509434,0.6226415094339622,0.5471698113207547,0.18867924528301888,0.45911949685534587,0.47798742138364786,0.2830188679245283,0.24528301886792453,0.5471698113207547,0.3345911949685535,0.3681132075471698,Bronze,234.12
P0226,58,0.5,0.7241379310344828,0.3103448275862069,0.3103448275862069,0.3620689655172414,0.25862068965517243,0.7241379310344828,0.5,310.3448275862069,155.17241379310346,0.05172413793103448,824.6081034482758,2.5,0.5344827586206896,0.6206896551724138,0.39655172413793105,0.06896551724137931,0.48850574712643674,0.5114942528735632,0.33620689655172414,0.16379310344827586,0.39655172413793105,0.375,0.36616379310344827,Bronze,254.85
P0227,66,0.45454545454545453,0.696969696969697,0.22727272727272727,0.3787878787878788,0.3787878787878788,0.2878787878787879,0.6666666666666666,0.45454545454545453,318.1818181818182,90.9090909090909,0.0,799.0077272727273,2.590909090909091,0.4696969696969697,0.7272727272727273,0.5606060606060606,0.045454545454545456,0.4646464646464646,0.4595959595959596,0.3787878787878788,0.16666666666666669,0.5606060606060606,0.3727272727272728,0.3778787878787879,Bronze,299.28
P0228,62,0.4838709677419355,0.5645161290322581,0.25806451612903225,0.2903225806451613,0.3548387096774194,0.3225806451612903,0.7096774193548387,0.4838709677419355,306.4516129032258,96.77419354838709,0.0,823.5524193548387,2.4838709677419355,0.43548387096774194,0.7741935483870968,0.46774193548387094,0.06451612903225806,0.5161290322580645,0.43548387096774194,0.32258064516129037,0.1935483870967742,0.46774193548387094,0.32741935483870965,0.34588709677419355,Bronze,257.34
P0229,58,0.5172413793103449,0.6379310344827587,0.22413793103448276,0.39655172413793105,0.3103448275862069,0.3620689655172414,0.7586206896551724,0.5344827586206896,206.89655172413794,155.17241379310346,0.06896551724137931,808.3077586206896,2.4310344827586206,0.46551724137931033,0.7068965517241379,0.3448275862068966,0.08620689655172414,0.46551724137931033,0.4597701149425288,0.35344827586206895,0.22413793103448276,0.3448275862068966,0.3600574712643679,0.3596120689655173,Bronze,250.29
P0230,56,0.5714285714285714,0.6428571428571429,0.26785714285714285,0.3392857142857143,0.42857142857142855,0.44642857142857145,0.6607142857142857,0.6071428571428571,250.0,142.85714285714286,0.03571428571428571,839.7639285714286,2.2142857142857144,0.375,0.6428571428571429,0.5714285714285714,0.07142857142857142,0.48214285714285715,0.49404761904761907,0.3839285714285714,0.25892857142857145,0.5714285714285714,0.3907738095238095,0.41174107142857147,Bronze,276.69
P0231,72,0.4444444444444444,0.6944444444444444,0.2777777777777778,0.2222222222222222,0.3888888888888889,0.2222222222222222,0.6805555555555556,0.4444444444444444,194.44444444444446,138.88888888888889,0.013888888888888888,818.5497222222223,2.5694444444444446,0.5972222222222222,0.6666666666666666,0.5138888888888888,0.06944444444444445,0.5324074074074073,0.47222222222222215,0.3055555555555556,0.14583333333333331,0.5138888888888888,0.3356481481481481,0.3489583333333333,Bronze,301.5
P0232,50,0.38,0.68,0.28,0.22,0.38,0.26,0.7,0.38,280.0,120.0,0.0,808.2891999999999,2.78,0.44,0.68,0.42,0.08,0.4333333333333333,0.4466666666666667,0.3,0.17,0.42,0.33,0.3345,Bronze,200.7
P0233,63,0.5238095238095238,0.6190476190476191,0.19047619047619047,0.38095238095238093,0.30158730158730157,0.3968253968253968,0.6031746031746031,0.5238095238095238,253.96825396825395,79.36507936507937,0.031746031746031744,812.311746031746,2.4603174603174605,0.4603174603174603,0.6984126984126984,0.5714285714285714,0.031746031746031744,0.544973544973545,0.4444444444444444,0.3412698412698413,0.21428571428571427,0.5714285714285714,0.33835978835978836,0.36940476190476196,Bronze,279.27
P0234,83,0.43373493975903615,0.6024096385542169,0.24096385542168675,0.3132530120481928,0.3253012048192771,0.2891566265060241,0.6987951807228916,0.43373493975903615,253.01204819277106,96.3855421686747,0.024096385542168676,805.2757831325301,2.8795180722891565,0.5301204819277109,0.6506024096385542,0.5421686746987951,0.04819277108433735,0.5060240963855421,0.4257028112449799,0.3192771084337349,0.1686746987951807,0.5421686746987951,0.3218875502008032,0.3437650602409638,Bronze,342.39
P0235,65,0.49230769230769234,0.6615384615384615,0.2923076923076923,0.2923076923076923,0.36923076923076925,0.24615384615384617,0.6923076923076923,0.5076923076923077,446.1538461538462,138.46153846153848,0.015384615384615385,823.550923076923,2.9384615384615387,0.6,0.6615384615384615,0.38461538461538464,0.06153846153846154,0.4666666666666667,0.48205128205128206,0.3307692307692308,0.15384615384615385,0.38461538461538464,0.3597435897435897,0.3505,Bronze,273.39
P0236,61,0.5409836065573771,0.6885245901639344,0.18032786885245902,0.3114754098360656,0.18032786885245902,0.39344262295081966,0.6721311475409836,0.5409836065573771,262.29508196721315,213.11475409836063,0.03278688524590164,829.3890163934427,2.4754098360655736,0.5409836065573771,0.6557377049180327,0.639344262295082,0.09836065573770492,0.46448087431693985,0.46994535519125685,0.2459016393442623,0.2459016393442623,0.639344262295082,0.3114754098360656,0.36229508196721305,Bronze,265.2
P0237,58,0.5689655172413793,0.7241379310344828,0.22413793103448276,0.43103448275862066,0.27586206896551724,0.3620689655172414,0.7068965517241379,0.5689655172413793,258.62068965517244,68.9655172413793,0.0,825.1044827586206,2.7241379310344827,0.5517241379310345,0.7758620689655172,0.5517241379310345,0.034482758620689655,0.5344827586206896,0.5057471264367815,0.35344827586206895,0.19827586206896552,0.5517241379310345,0.3761494252873563,0.3913362068965517,Bronze,272.37
P0238,41,0.5853658536585366,0.7317073170731707,0.14634146341463414,0.21951219512195122,0.2926829268292683,0.34146341463414637,0.7804878048780488,0.6097560975609756,292.6829268292683,170.7317073170732,0.04878048780487805,840.5963414634145,2.5609756097560976,0.4878048780487805,0.7804878048780488,0.4878048780487805,0.0975609756097561,0.44715447154471544,0.4878048780487804,0.25609756097560976,0.21951219512195125,0.4878048780487805,0.32723577235772355,0.3521341463414634,Bronze,173.25
P0239,48,0.625,0.75,0.2916666666666667,0.2916666666666667,0.22916666666666666,0.1875,0.6875,0.625,208.33333333333334,83.33333333333333,0.041666666666666664,827.4510416666667,2.5625,0.5208333333333334,0.7291666666666666,0.5,0.08333333333333333,0.5277777777777778,0.5555555555555556,0.2604166666666667,0.13541666666666666,0.5,0.35520833333333335,0.36213541666666665,Bronze,208.59
P0240,74,0.44594594594594594,0.6621621621621622,0.2702702702702703,0.2972972972972973,0.32432432432432434,0.33783783783783783,0.6756756756756757,0.44594594594594594,405.4054054054054,121.62162162162163,0.0,801.3498648648649,2.2432432432432434,0.5405405405405406,0.7162162162162162,0.5405405405405406,0.05405405405405406,0.4639639639639639,0.4594594594594595,0.31081081081081086,0.19594594594594594,0.5405405405405406,0.33873873873873883,0.35959459459459464,Bronze,319.32
P0241,40,0.575,0.675,0.175,0.4,0.35,0.275,0.65,0.575,200.0,225.0,0.0,815.846,2.825,0.45,0.6,0.35,0.15,0.5333333333333333,0.47500000000000003,0.375,0.21250000000000002,0.35,0.3716666666666667,0.36950000000000005,Bronze,177.36
P0242,72,0.5,0.625,0.3333333333333333,0.3888888888888889,0.3194444444444444,0.3055555555555556,0.6527777777777778,0.5138888888888888,194.44444444444446,125.0,0.013888888888888888,826.9556944444444,2.9305555555555554,0.5972222222222222,0.75,0.5,0.027777777777777776,0.5509259259259259,0.4861111111111111,0.35416666666666663,0.16666666666666669,0.5,0.36504629629629626,0.37246527777777777,Bronze,321.81
P0243,49,0.5102040816326531,0.5918367346938775,0.22448979591836735,0.3877551020408163,0.40816326530612246,0.3469387755102041,0.6326530612244898,0.5102040816326531,408.16326530612247,142.85714285714286,0.0,826.1253061224489,2.306122448979592,0.4897959183673469,0.7551020408163265,0.6530612244897959,0.08163265306122448,0.5374149659863945,0.4421768707482993,0.3979591836734694,0.21428571428571427,0.6530612244897959,0.36632653061224485,0.39525510204081626,Bronze,232.41
P0244,43,0.4418604651162791,0.627906976744186,0.27906976744186046,0.4186046511627907,0.27906976744186046,0.3488372093023256,0.6744186046511628,0.4418604651162791,279.06976744186045,69.76744186046511,0.0,841.373488372093,2.558139534883721,0.4883720930232558,0.6976744186046512,0.5813953488372093,0.0,0.5503875968992248,0.44961240310077527,0.3488372093023256,0.1744186046511628,0.5813953488372093,0.34418604651162793,0.36674418604651166,Bronze,189.24
P0245,51,0.5490196078431373,0.5882352941176471,0.3137254901960784,0.39215686274509803,0.3333333333333333,0.29411764705882354,0.7254901960784313,0.5490196078431373,274.5098039215687,98.0392156862745,0.0,819.7786274509804,2.7254901960784315,0.4117647058823529,0.6274509803921569,0.5490196078431373,0.0196078431372549,0.5032679738562091,0.48366013071895425,0.3627450980392157,0.1568627450980392,0.5490196078431373,0.37287581699346406,0.3779901960784314,Bronze,231.33
P0246,64,0.515625,0.671875,0.265625,0.296875,0.3125,0.3125,0.71875,0.515625,343.75,109.375,0.0,813.50046875,2.15625,0.578125,0.734375,0.453125,0.0625,0.5364583333333333,0.484375,0.3046875,0.1875,0.453125,0.34088541666666666,0.35542968750000004,Bronze,272.97
P0247,54,0.48148148148148145,0.7222222222222222,0.2777777777777778,0.37037037037037035,0.35185185185185186,0.2777777777777778,0.6481481481481481,0.48148148148148145,259.25925925925924,185.18518518518516,0.037037037037037035,809.7955555555556,2.5185185185185186,0.5,0.7037037037037037,0.5,0.14814814814814814,0.4506172839506173,0.49382716049382713,0.3611111111111111,0.21296296296296297,0.5,0.3824074074074074,0.3883796296296297,Bronze,251.67
P0248,71,0.49295774647887325,0.6338028169014085,0.2676056338028169,0.36619718309859156,0.43661971830985913,0.2535211267605634,0.6901408450704225,0.49295774647887325,225.35211267605635,183.09859154929578,0.056338028169014086,849.5590140845071,2.380281690140845,0.5070422535211268,0.704225352112676,0.5070422535211268,0.1267605633802817,0.5023474178403755,0.4647887323943662,0.4014084507042254,0.19014084507042253,0.5070422535211268,0.3828638497652582,0.3859507042253521,Bronze,328.83
P0249,58,0.5,0.7241379310344828,0.25862068965517243,0.3103448275862069,0.29310344827586204,0.3275862068965517,0.603448275862069,0.5,310.3448275862069,120.6896551724138,0.017241379310344827,810.9520689655172,2.5344827586206895,0.41379310344827586,0.7586206896551724,0.46551724137931033,0.05172413793103448,0.44252873563218387,0.49425287356321834,0.3017241379310345,0.1896551724137931,0.46551724137931033,0.353735632183908,0.36124999999999996,Bronze,251.43
P0250,66,0.5303030303030303,0.6515151515151515,0.19696969696969696,0.30303030303030304,0.3484848484848485,0.21212121212121213,0.6818181818181818,0.5303030303030303,242.42424242424244,151.51515151515153,0.030303030303030304,818.6919696969696,2.0303030303030303,0.4696969696969697,0.6515151515151515,0.3939393939393939,0.06060606060606061,0.4444444444444444,0.45959595959595956,0.3257575757575758,0.13636363636363635,0.3939393939393939,0.3482323232323232,0.338219696969697,Bronze,267.87
